Weight (gram),Length (cm),Volume (ml)
22.483570765056164,10.036982697904095,63.71145873371309
19.308678494144075,12.92420694852654,53.9601481328418
23.23844269050346,12.39811939114694,60.865897874729
27.61514928204013,10.79956624568241,58.44322764607921
18.82923312638332,12.139604169980036,71.67782061659807
18.8293152152541,11.22937280627648,62.54420843301213
27.896064077536955,12.227034690502496,63.37602662075202
23.837173645764544,13.324261349042091,55.881230338775325
17.65262807032524,15.172033632290704,55.123937759275066
22.712800217929825,9.5243690023463,55.67441812180379
17.682911535937688,16.266066749312532,63.944521423782966
17.671351232148716,8.095824400954996,55.79015519179737
21.20981135783017,11.696429809928834,62.89774856896413
10.43359877671101,13.176634412969154,80.75400798645438
11.375410837434837,12.561983735470063,68.71124703431693
17.188562353795135,10.754600960358813,56.73976467832159
14.93584439832788,11.58375549928545,72.01213922163944
21.571236662976368,11.013998130682335,55.91924626978449
15.459879622393943,10.821270486111576,39.61875464822146
12.938481493323543,13.69920419404205,49.91913689082596
27.32824384460777,12.714030971930097,41.29208078974145
18.871118497567323,10.614180809478691,56.48486515958692
20.33764102343962,13.7991997508665,60.18418379189552
12.876259068932717,12.614599041753218,76.76437312275283
17.278086377374088,13.62572423767792,63.269273737641626
20.55461294854933,13.259257683847224,57.80899471191136
14.245032112888486,10.342009978155856,68.2940558118349
21.87849009172836,10.87963791960606,37.88864690992115
16.996806550405974,13.494587210246523,62.356145581085656
18.54153125103361,13.22074053086693,67.70865193886966
16.991466938853016,11.958196812071703,45.214137542201584
29.261390922544688,12.234654766617563,71.43754043206928
19.93251387631033,14.555329791576847,63.38496407494414
14.711445355220498,10.81685722232834,55.84712086099199
24.112724560515943,13.094194762340075,66.32781866106285
13.895781750144888,11.595614695132213,82.70692857804396
21.044317975023777,11.56463759354556,61.81866255058495
10.201649380601122,14.19755370397438,62.48220586300336
13.359069755507846,13.65083269797606,55.40639100459756
20.984306179345616,13.627019272001275,51.50155630535208
23.692332899977053,14.610957614308658,68.30335816544246
20.85684140594985,12.04200768326552,51.43916174091133
19.4217585880588,13.363905942589929,60.715662372193925
18.494481522053555,11.379466486813088,55.223425532348834
12.607390048162864,12.648332704976884,64.78979825746391
16.400778958026457,11.73971389126463,63.33662105286948
17.696806145201062,12.193991929985437,70.375399442579
25.285611131094576,13.190314050873829,54.89983601145253
21.71809144784231,10.363558633533057,57.30125064706629
11.18479922318633,16.18477455137092,50.21236284217693
21.620419846973974,9.987965237000596,55.55706739923888
18.074588597918417,9.571622774424537,63.77300493044852
16.615389998470206,14.316221747000135,67.56988616645351
23.05838144420434,13.583325387925871,50.77834675822375
25.15499761247976,13.24823963410431,68.6960592010566
24.656400595581,13.25669101852856,73.55637858804951
15.803912383886807,11.97550645430617,64.13434903223701
18.453938120743928,10.205491257028337,78.76795812558066
21.65631715701782,12.151609116387451,52.26210800896427
24.8777256356118,10.645676576975776,47.55345296688583
17.60412881077355,13.950239466835502,42.212797510957216
19.07170511668092,11.705885236995725,74.96044311489183
14.46832512996986,10.349005606414975,66.54365656354058
14.018966879596649,11.357228316694012,59.44415329089545
24.062629111970992,12.82586290855125,62.79968626319821
26.781200142854114,10.87255089439205,48.74510952701623
19.63994939209833,10.355559208867136,84.45751979616827
25.01766448946012,12.487374422983825,61.29221181975228
21.80818012523817,12.489933142217446,61.09394794604893
16.77440122697438,10.98611364925774,67.25766623898691
21.80697802754207,11.057923388763356,64.81009231736714
27.69018283232985,12.464099874715272,62.23884024279131
19.820869804450243,9.103831317005351,52.09525544554688
27.82321827907003,9.185072451246889,64.71468357135996
6.901274479551278,10.563111557495128,78.82024496475034
24.10951252187612,11.573105696576306,73.45420046154977
20.435235341190857,12.621815131196009,75.93186626639397
18.504963247670663,14.950712433899104,54.88784323568815
20.45880388267751,13.71531924640404,50.10395179741419
10.062155426995536,11.680122940073144,58.74213079900352
18.90164056081244,11.961967584194625,60.557249122886944
21.78556285755873,9.994941270724382,70.94191518470949
27.38947022370758,11.96297372801522,43.07535370285181
17.40864890863176,11.422682722159724,75.29550319460614
15.95753198553406,12.64543712067618,58.4199210142101
17.491214782077318,10.345538112895357,55.7311893005258
24.57701058851037,13.038693028482344,49.87895624739832
21.643755548298422,15.065477826005155,43.451433281342304
17.351198981164806,11.782479703086285,68.23170583961914
22.56633716556678,12.803423444197882,60.73317967188404
20.4853877467402,13.380287983422225,47.10039100258946
24.84322495266445,11.197559056228329,47.04921227936384
16.489734530613237,12.448184963620834,56.64215300709872
18.36168926701116,12.02518480156359,76.69021525289392
18.03945923433921,12.195352197097664,57.40408648636395
12.682425259339407,10.453980432289066,44.96857046881894
21.48060138532288,12.049020348517884,57.54256935914056
21.305276360899448,12.9959965824909,57.27276430252329
20.025567283212304,14.902287215590084,33.03113357058429
18.827064333124262,13.918541652170411,59.45705133482188
12.92314628974793,16.306364915023114,57.69065469791322
17.896773386173205,10.4653048742239,66.96206364813418
18.286427417366152,13.744641273441356,78.48956094945345
15.988613653891903,12.366684011476703,71.26565029547757
19.19357144166996,16.379605866435345,57.31111309445169
22.02025428407269,10.383403429289697,48.934740912583294
29.43092950605265,10.320556315638449,85.7335980324986
20.8728890641592,10.801214709111957,60.59218434014488
21.28775195361382,7.752208551380386,60.13929291912946
19.627770421169163,10.948489956638475,59.75874912889997
10.406143923504793,10.481734676892604,61.98084760767855
19.867430622753915,12.300787572952416,58.556395880760576
20.301151049705133,12.68351195155432,54.26337993119763
32.316210562426434,15.752341678431772,54.53141058759608
19.038195176094387,13.9008476763721,59.672467297840015
21.507736711668063,10.846192688675194,54.56575228866235
19.826441151473784,10.203170657303284,52.87154217322836
14.15660981190234,12.983838343013012,61.064302276918966
25.714114072575104,9.359533585958715,57.45022782579144
23.75966516343388,15.662917531708707,75.0399298858269
23.95515973521524,14.358880241442574,33.49030191606988
15.453062726026303,11.061648695790591,70.91506851922462
27.01397155468049,8.573730941818244,72.4608519249763
12.990744686038596,14.707744748330825,39.2660976759185
22.934285469001352,11.770920309494764,56.57312405919652
30.95227812904989,14.475632623946924,56.28559134004209
15.047318374346558,8.811144682411266,45.92488305282178
17.16851135198614,10.801249954092455,52.22183312409125
20.498256825438204,12.010487399436366,48.894241545341714
17.482621729419005,12.093961187529484,77.52270443423623
12.246682844669335,11.099869057041513,69.35678393147461
20.342814874030136,13.245699864694998,72.71555094994159
14.688481431369476,9.864759141234812,67.21672064043236
22.36796215317591,11.715241029957411,48.70948228782771
15.402878828830984,12.2405912634238,54.75479733720226
27.749672025087698,13.0288776681175,64.89374561227918
16.083733538318814,13.42322975617778,47.77872191108055
18.38969241897162,9.75071581632426,67.12998430172388
24.067586086848348,8.931771658528756,57.59674601841865
13.845678417830223,14.555353643797018,56.251791924504026
21.13729967302065,12.664628023959184,67.10959968203491
26.53571377141214,10.503026926886893,64.4426331148604
11.962583827193862,15.102303951045046,56.3903383418092
20.92316929266152,12.231349268585715,71.59329803364248
21.29941397124212,14.358594368127653,49.18936672400103
23.90911435888655,12.135036962820218,66.15935606944264
13.81524644560959,16.121495849763974,65.93101257968384
13.397716934578618,15.510681684886409,56.904535606860094
22.60970782808449,11.502071703041851,63.26133022242118
21.48492336616593,13.94314190190871,47.488864236146966
21.252464251729386,13.290751899170296,69.240270192069
21.73224104748488,14.737263115064698,58.15097863557011
16.599876392107547,10.070153078839793,54.772769794809605
21.161268485805017,13.37210291999688,70.49009225836889
21.465362366493405,14.116848973699176,52.95656309457241
16.42824290986816,8.482521027153771,45.91538703636441
29.328872555723784,9.63348297466845,44.433708264760966
22.36916460455894,7.921535644479799,66.0600995134564
14.043482513986756,11.461186331110884,47.19570647503717
23.28276804316915,13.435084511591924,77.54794181984364
15.126591648863393,15.004714104192056,39.18070592116278
23.93542301871226,12.148189560839551,76.96456368290038
25.79297789503702,15.257231091142584,62.11017467202618
15.896588408241447,9.239797083570217,59.03286888129608
24.81688064622161,8.593235121289691,54.550809131910505
22.06390463468249,11.888904602206765,63.99136114352071
24.11030079997245,12.768130897878615,59.62365297575152
29.483964913269737,11.934610503811816,71.03301882016521
18.77305941998565,7.865115799920247,61.1422764866204
16.23131917821255,11.821759920974424,61.50301761461878
15.552427851872384,9.391060998990294,56.36387787786144
15.920948575172808,13.339345097660075,59.43054376278933
19.61449145292948,12.733196492193697,63.07801768892059
21.70575987408322,10.120240427345289,42.89831607343375
21.383453996650097,10.972266165326612,46.51814577894287
24.13591624518012,9.881572956222096,67.43264094022715
20.065009459389536,11.874641805453656,61.708654381279416
27.267670385786584,13.910284641002477,58.16016663647321
18.67671583381022,10.028547907328912,60.184339330653934
33.600845832948096,13.008093031035688,63.47581705361671
23.12833673882503,10.939484763255118,54.60240319690639
15.714212217918586,10.414254335475311,52.21695274597688
14.64553750969444,11.785939280090885,61.958452550976816
22.412362076215928,9.929515355161252,50.21627222384968
18.882686073370746,10.892701389305635,64.08252755714472
23.57000247046046,9.604244214822304,42.9741639576216
22.36618812286773,15.92945026583278,70.29155637325644
19.63585543671564,12.070527103943457,64.72597482413043
15.766031409657977,10.600548984014829,62.56029734313876
12.425763876570675,12.427959821468445,69.82690983945514
17.767425239664895,11.77534390061834,76.65474444462576
24.28199397161736,11.558060800933552,70.1437006501813
21.07046872065102,13.22833340008685,41.59125768668355
13.77130610644006,13.51501542009461,47.204230332642986
20.86590462925591,10.938997704778943,53.75181422304321
21.926586898644185,10.84836351871064,60.26091050210834
15.580712818994336,11.449896605696711,65.17659020469122
20.76862552972764,7.39615767052883,52.742561868465344
20.29104359223,8.969617875602896,61.86766764477078
14.285148510846884,14.733748534889047,52.44617067646678
21.78893680174141,15.289935427002568,53.88482197008052
22.80392263184117,11.501927920887244,45.93338903151778
25.415256215876383,13.153113926111534,50.76766753889096
25.269010260174515,12.622500309087073,46.48315394383666
13.111653160214544,18.15776161691048,50.241267470226674
15.310874800424386,14.239149822869154,70.5364179660784
22.5751763360433,11.744164817038468,50.50601111168057
22.568929754561044,10.088919118799147,86.32382064837391
22.57523843153024,8.787107359484855,64.93317900880889
39.26365745327361,12.406927271734446,61.84836123694874
22.85445255346584,10.487298509431394,51.41642219818787
25.677828200903,9.155492580804651,67.00309879408991
24.77000881746601,10.706854231514948,54.24362173762226
23.25695625652899,9.83690399277121,61.220098146453616
18.42365377679827,15.37428327014513,85.60084538268795
23.794846102466337,13.7632795138989,59.0394010027535
16.13587392731214,11.984054717366766,71.49273326285676
18.81590696629996,14.959888277780053,52.96823574874112
17.573182260854484,12.154736615295237,59.65011509503038
20.409370696931614,10.277431597343472,77.7080063563551
31.573292833367542,15.046248154539317,53.73032942212232
10.66367403704126,13.077820087369318,78.12448557996929
23.43130095187257,9.925507691347088,67.07751935455475
11.936420644051742,11.619322643832785,54.37533224105732
17.640340671052833,10.248763493230486,66.3240773905552
25.444752984836832,9.234400538071329,69.7255444962673
20.32140009547732,13.852355095063285,66.21809962217196
14.611276110353469,15.81883328094026,44.29775280109544
16.42348145370016,9.202864852361715,52.72862824175132
23.39798874467338,13.125938473381142,57.52481364448495
16.34816684141432,10.698714861756349,59.25566570899954
21.08229294790988,11.025749232470607,66.20672097550678
20.22785919951907,10.815212151522262,61.777010009332535
16.741998261970913,10.272018460640368,46.64655641289899
30.719720446626628,12.097043255889654,63.801978510059634
23.169595111590056,10.338099767177924,66.10585745283824
9.874287066711965,12.540913651559675,65.5979044793104
20.93227157384714,11.899523781101726,70.80780725554622
16.69106767615806,11.52210390626718,68.33922154548904
24.26216667398112,10.184872675916804,64.59180079228437
16.037396307836495,10.846457338863337,59.29834288541353
19.426317792665504,13.510782451651512,43.39039066484008
22.524936394902287,13.001834375248762,64.29618219132585
24.328775970850607,10.044889510402898,62.07687687163112
13.99851796472112,12.19866461085845,62.715788371953735
18.32749382079525,13.502774246743575,47.232514241796906
17.62527344419522,8.661189437757256,49.189434595917376
16.73335383713144,13.08672038475987,70.53152853332904
28.827271201405484,10.674752482108309,59.60444846143345
22.02490855480477,13.141197337186318,66.81500697372624
13.695580228324774,10.473481686914964,60.28318376130461
24.58930973527388,8.390235798670961,60.297561394957455
30.610780985063165,8.744915124233675,69.38283805975998
25.162326302755734,12.096169893322765,54.83955271782626
12.403150170229932,12.519445003442964,60.96120776940983
17.578829635668743,10.191366749791182,55.377247112949576
26.33455574593312,13.277184917554749,55.65503772567684
16.461652671906094,8.67695987546208,56.9082787653136
22.219097140731144,11.867840402705369,62.22133771633713
23.873170267146683,9.577967600475088,55.212513783365225
15.365347642109583,10.69632778439568,72.55756125573521
19.702373219691,12.094797342632829,51.05392697780496
3.793663299654636,10.279173269432096,58.13128355838641
14.878061793328552,11.23088891154035,55.60268941725825
18.7371592430342,14.01258561842888,74.46977884353733
13.761084090175752,10.846216260953703,61.965547765115744
28.162056519658176,13.671384224130284,70.31844539468635
12.849293110196836,9.740586290684764,45.14439626963028
17.799777566515083,13.059608355830566,62.67050265869259
20.65370288643045,14.8831372413158,68.89630795623437
27.206366445330577,7.056710999745421,60.82283989275424
12.820689244102804,10.406209489059046,70.65480375065351
25.8158187607748,13.15414425436108,54.82711549899628
20.05116530509793,11.593909227914017,74.0934744018558
