generation,best_fitness,average_fitness
1,1907.7163685440235,1839.8677282782544
2,1908.9968245402413,1870.3685000058033
3,1915.1582081178587,1890.2176861801738
4,1916.502785942316,1904.3282131595856
5,1917.5229808061686,1909.9379660041893
6,1918.8191778247312,1913.20059063788
7,1919.4443315914398,1915.3598412010474
8,1920.279181457635,1916.941074766475
9,1921.433353584529,1917.9654835467504
10,1922.244645157461,1918.7606330360043
11,1922.244645157461,1919.7259426024227
12,1922.7519056625147,1920.180054937658
13,1922.7519056625147,1920.5345732976482
14,1922.7634342072283,1920.9664296280623
15,1923.0384000882937,1921.5120142361106
16,1923.0384000882937,1921.7406141336446
17,1923.0384000882937,1921.6752902549313
18,1923.2306621739394,1921.7951559817525
19,1923.2707703405206,1921.9630631674368
20,1923.2707703405206,1921.8880355920694
21,1923.2707703405206,1921.941947878281
22,1923.3851346640006,1922.221781206865
23,1923.3851346640006,1922.306932411553
24,1923.3851346640006,1922.2092192326702
25,1923.4815041797194,1922.2606687193702
26,1923.4815041797194,1922.4900495706217
27,1923.4815041797194,1922.4924983929884
28,1923.4958788211716,1922.832039301305
29,1923.5257319860916,1922.9120720314827
30,1923.5257319860916,1922.8768082158963
31,1923.5401066275438,1922.4163337548976
32,1923.5555548698524,1922.5161594843812
33,1923.641275985727,1922.5320050755195
34,1923.641275985727,1922.6693806928008
35,1923.6804226883482,1922.733553319234
36,1923.6804226883482,1922.664964358142
37,1923.6804226883482,1922.367748943737
38,1923.6804226883482,1922.8030636139808
39,1923.708018327775,1922.6994781743465
40,1923.708018327775,1922.4019662751114
41,1923.708018327775,1922.6207528561285
42,1923.7355602837652,1922.6865294482657
43,1923.7355602837652,1922.417449544542
44,1923.7355602837652,1922.6328115217354
45,1923.7355602837652,1922.7851560727452
46,1923.7532548650272,1922.8361086392347
47,1923.7532548650272,1922.8457481538276
48,1923.7532548650272,1922.502439692638
49,1923.7532548650272,1922.6453168342537
50,1923.7808799717418,1922.8392954987942
51,1923.7808799717418,1922.4403232992481
52,1923.7808799717418,1922.8292366038584
53,1923.7808799717418,1922.8058468012578
54,1923.796769855937,1922.9899277484506
55,1923.796769855937,1922.9051640421142
56,1923.808338964165,1922.5976168333261
57,1923.808338964165,1922.6028727194428
58,1923.808338964165,1922.839971415637
59,1923.808338964165,1923.0016456393796
60,1923.808338964165,1923.1096897111286
61,1923.808338964165,1922.9628695744202
62,1923.8096106111173,1922.7657450205274
63,1923.8096106111173,1922.7217103300495
64,1923.8211797193449,1922.6744925156804
65,1923.8211797193449,1922.6198404643733
66,1923.8211797193449,1922.6684873037582
67,1923.8211797193449,1922.9903737929244
68,1923.8267763605672,1923.0039725601525
69,1923.8267763605672,1922.5829207896618
70,1923.8267763605672,1922.876792895728
71,1923.8267763605672,1922.721436021749
72,1923.8267763605672,1922.4885674046027
73,1923.832921897281,1922.7497111309765
74,1923.8385185385032,1922.893938611458
75,1923.8385185385032,1923.0235838598185
76,1923.8385185385032,1922.8605142875467
77,1923.8385185385032,1922.744853377739
78,1923.8387965635122,1922.6021664235634
79,1923.8533102731446,1922.7881933056294
80,1923.8533102731446,1922.9001667228963
81,1923.853588298154,1922.9744509745492
82,1923.853588298154,1922.8235274931176
83,1923.8633839249649,1922.7489313097913
84,1923.8636619499741,1922.8563520675975
85,1923.8636619499741,1922.8354231779053
86,1923.8702128597145,1923.0014577701247
87,1923.880286511535,1923.1153399626253
88,1923.8805645365437,1922.9494130237504
89,1923.8805645365437,1923.0213792500456
90,1923.884369061103,1922.8479390698274
91,1923.884369061103,1922.9033202600338
92,1923.884369061103,1922.9933656928915
93,1923.8886450976183,1922.8770182278956
94,1923.8886450976183,1922.966074055235
95,1923.8886450976183,1922.7895126154956
96,1923.8886450976183,1922.6299601392432
97,1923.8886450976183,1922.8206519951384
98,1923.8886450976183,1922.9556135300388
99,1923.8886450976183,1922.8912871694163
100,1923.8886450976183,1922.9020050447025
101,1923.8886450976183,1922.8471026048528
102,1923.8886450976183,1922.7476896006779
103,1923.8886450976183,1922.8558196045533
104,1923.8886450976183,1922.5475696763358
105,1923.8886450976183,1922.8820832896495
106,1923.8886450976183,1922.994950098307
107,1923.8886450976183,1922.942615227041
108,1923.8886450976183,1923.0811364566346
109,1923.8886450976183,1922.8462727539022
110,1923.8886450976183,1922.8467363270224
111,1923.8886450976183,1922.6429728543906
112,1923.8886450976183,1922.8531299033166
113,1923.8886450976183,1922.992648901309
114,1923.8886450976183,1922.8989710117605
115,1923.8886450976183,1922.7783461058693
116,1923.8886450976183,1922.7870339670515
117,1923.8886450976183,1922.838864248451
118,1923.8886450976183,1922.7845392672502
119,1923.8886450976183,1923.0307390021053
120,1923.8886450976183,1923.1938052708779
121,1923.8886450976183,1922.9958455114217
122,1923.8886450976183,1923.1188361445902
123,1923.8886450976183,1922.8035652064732
124,1923.8886450976183,1922.8225375295892
125,1923.8886450976183,1922.9343260714688
126,1923.8886450976183,1923.004736432022
127,1923.8886450976183,1922.7926395393954
128,1923.8886450976183,1922.7235695314166
129,1923.8886450976183,1923.133758373134
130,1923.8886450976183,1923.0179327457142
131,1923.8886450976183,1923.124108074015
132,1923.8886450976183,1922.956062263912
133,1923.8886450976183,1922.9703660889786
134,1923.8886450976183,1922.6688702858335
135,1923.8886450976183,1922.7511388690152
136,1923.8886450976183,1923.0028876130802
137,1923.8886450976183,1922.7759027164054
138,1923.8886450976183,1923.0903228209804
139,1923.8886450976183,1922.878027824914
140,1923.8886450976183,1922.7355899475815
141,1923.8886450976183,1922.905678781134
142,1923.8886450976183,1923.2581182239926
143,1923.8886450976183,1922.978802021462
144,1923.8886450976183,1922.7574867613419
145,1923.8886450976183,1923.0576324071508
146,1923.8893571165856,1922.8643926090483
147,1923.8893571165856,1923.1269855466055
148,1923.8893571165856,1922.8079647686952
149,1923.8893571165856,1922.8700614803909
150,1923.8893571165856,1922.8656220195394
151,1923.8893571165856,1922.7939520114844
152,1923.8893571165856,1922.9152027171083
153,1923.8893571165856,1922.823792186279
154,1923.8893571165856,1922.864494231334
155,1923.8893571165856,1922.9549153686341
156,1923.8893571165856,1922.928040220339
157,1923.8893571165856,1922.8728204247604
158,1923.8893571165856,1922.8987624119836
159,1923.8893571165856,1923.052045217739
160,1923.8893571165856,1923.0999963403624
161,1923.8893571165856,1922.9351646002424
162,1923.8893571165856,1923.0013931788014
163,1923.8893571165856,1922.9623061635866
164,1923.8893571165856,1922.9799753781842
165,1923.8893571165856,1923.154660854341
166,1923.8893571165856,1922.8622875245014
167,1923.8893571165856,1922.844683997542
168,1923.8893571165856,1922.8641843405644
169,1923.8893571165856,1923.0505760630483
170,1923.8893571165856,1922.7705771660537
171,1923.8893571165856,1922.6786779555653
172,1923.8893571165856,1922.9979431656043
173,1923.8893571165856,1922.8584455789994
174,1923.8893571165856,1922.7935154681254
175,1923.8893571165856,1923.0055400465317
176,1923.8893571165856,1922.6036150317268
177,1923.8893571165856,1922.9680573399614
178,1923.8893571165856,1922.7251336030092
179,1923.8898724920286,1922.9326728967353
180,1923.8898724920286,1923.011934412686
181,1923.8898724920286,1923.006373190889
182,1923.8898724920286,1922.725744020513
183,1923.8898724920286,1922.6684710434124
184,1923.8898724920286,1922.8589138948344
185,1923.8898724920286,1922.9470411113484
186,1923.8898724920286,1922.7413861147631
187,1923.8898724920286,1922.8661735636304
188,1923.8898724920286,1923.043366758066
189,1923.8898724920286,1923.181041151505
190,1923.8898724920286,1922.8995871485151
191,1923.8898724920286,1922.9345538214775
192,1923.8898724920286,1922.8100468691528
193,1923.8898724920286,1923.0922785917405
194,1923.8898724920286,1922.8443953656986
195,1923.8898724920286,1923.138213775206
196,1923.8898724920286,1922.8387785488987
197,1923.8898888374424,1923.0121943907413
198,1923.8898888374424,1922.941323918356
199,1923.8898888374424,1923.0782723193
200,1923.8898888374424,1922.7636605058515
