window_number,window_start,window_end,best_generation,best_fitness,average_environment_score,environment_score_std,minimum_environment_score,maximum_environment_score,ga_total_feed_g,fixed_total_feed_g,feed_saved_g,feed_saved_percent,cost_saved,ga_estimated_final_abw_g,fixed_estimated_final_abw_g,abw_improvement_g,ga_fitness_score,fixed_fitness_score,fitness_improvement,growth_target_status,ga_schedule_g
1,2024-01-01,2024-01-07,197,1884.8075924118434,0.7880999999999999,1.1102230246251565e-16,0.7880999999999998,0.7880999999999998,912.9404598678152,1050.0,137.0595401321848,13.053289536398552,3.803402238668127,22.028100562072296,21.856168026179823,0.17193253589247348,1884.8075924118434,1806.0625373037735,78.74505510806989,Target Growth Achieved,130.35;130.44;130.45;130.40;130.44;130.41;130.45
2,2024-01-02,2024-01-08,181,1884.8249859731873,0.7880999999999999,1.1102230246251565e-16,0.7880999999999998,0.7880999999999998,913.238238780419,1050.0,136.761761219581,13.024929639960096,3.7951388738433707,22.028774829451187,21.856168026179823,0.17260680327136413,1884.8249859731873,1806.0625373037735,78.76244866941374,Target Growth Achieved,130.46;130.46;130.46;130.47;130.46;130.46;130.46
3,2024-01-03,2024-01-09,191,1884.8198020554757,0.7880999999999999,1.1102230246251565e-16,0.7880999999999998,0.7880999999999998,913.1399157730674,1050.0,136.8600842269326,13.034293735898341,3.7978673372973795,22.028558408119252,21.856168026179823,0.17239038193942946,1884.8198020554757,1806.0625373037735,78.75726475170222,Target Growth Achieved,130.44;130.45;130.46;130.45;130.46;130.46;130.42
4,2024-01-04,2024-01-10,184,1884.8111758402329,0.7880999999999999,1.1102230246251565e-16,0.7880999999999998,0.7880999999999998,913.1231366747915,1050.0,136.87686332520855,13.035891745257958,3.7983329572745355,22.028435457819345,21.856168026179823,0.17226743163952207,1884.811175840233,1806.0625373037735,78.74863853645957,Target Growth Achieved,130.49;130.40;130.46;130.42;130.45;130.46;130.44
5,2024-01-05,2024-01-11,194,1884.8142885115915,0.7880999999999999,1.1102230246251565e-16,0.7880999999999998,0.7880999999999998,913.0878149687001,1050.0,136.91218503129994,13.039255717266663,3.799313134618572,22.028412987512347,21.856168026179823,0.17224496133252387,1884.8142885115915,1806.0625373037735,78.75175120781796,Target Growth Achieved,130.44;130.43;130.41;130.43;130.45;130.47;130.46
6,2024-01-06,2024-01-12,186,1884.8223764786708,0.7880999999999999,1.1102230246251565e-16,0.7880999999999998,0.7880999999999998,913.1819713747212,1050.0,136.81802862527877,13.03028844050274,3.796700294351485,22.028654945702055,21.856168026179823,0.17248691952223183,1884.8223764786705,1806.0625373037735,78.75983917489702,Target Growth Achieved,130.46;130.46;130.43;130.45;130.46;130.46;130.46
7,2024-01-07,2024-01-13,192,1884.8115852530855,0.7880999999999999,1.1102230246251565e-16,0.7880999999999998,0.7880999999999998,913.0056866498925,1050.0,136.99431335010752,13.047077461915002,3.8015921954654814,22.028250288520812,21.856168026179823,0.17208226234098944,1884.8115852530852,1806.0625373037735,78.74904794931172,Target Growth Achieved,130.44;130.46;130.40;130.44;130.44;130.40;130.43
8,2024-01-08,2024-01-14,197,1884.8048380198206,0.7880999999999999,1.1102230246251565e-16,0.7880999999999998,0.7880999999999998,913.1952648840719,1050.0,136.8047351159281,13.029022391993154,3.796331399467004,22.02848154709041,21.856168026179823,0.17231352091058838,1884.8048380198206,1806.0625373037735,78.74230071604711,Target Growth Achieved,130.40;130.46;130.47;130.47;130.46;130.42;130.52
9,2024-01-09,2024-01-15,186,1884.8150285832567,0.7880999999999999,1.1102230246251565e-16,0.7880999999999998,0.7880999999999998,913.0680414865152,1050.0,136.9319585134848,13.041138906046172,3.7998618487492024,22.028389270205366,21.856168026179823,0.17222124402554329,1884.8150285832562,1806.0625373037735,78.75249127948268,Target Growth Achieved,130.45;130.47;130.44;130.46;130.45;130.41;130.39
10,2024-01-10,2024-01-16,184,1884.818464995631,0.7880999999999999,1.1102230246251565e-16,0.7880999999999998,0.7880999999999998,913.1186455128797,1050.0,136.88135448712035,13.036319474963843,3.7984575870175874,22.02850919381114,21.856168026179823,0.17234116763131624,1884.818464995631,1806.0625373037735,78.75592769185755,Target Growth Achieved,130.46;130.46;130.45;130.46;130.41;130.42;130.44
11,2024-01-11,2024-01-17,198,1884.8155956750707,0.7880999999999999,1.1102230246251565e-16,0.7880999999999998,0.7880999999999998,913.1178689109179,1050.0,136.88213108908212,13.036393437055441,3.798479137722026,22.0284760580178,21.856168026179823,0.1723080318379786,1884.8155956750707,1806.0625373037735,78.75305837129713,Target Growth Achieved,130.47;130.45;130.45;130.42;130.44;130.42;130.47
12,2024-01-12,2024-01-18,193,1884.8111176930001,0.7880999999999999,1.1102230246251565e-16,0.7880999999999998,0.7880999999999998,913.0469941779687,1050.0,136.9530058220313,13.043143411622026,3.8004459115613685,22.028311817917835,21.856168026179823,0.1721437917380122,1884.8111176930001,1806.0625373037735,78.74858038922662,Target Growth Achieved,130.45;130.46;130.37;130.47;130.46;130.45;130.39
13,2024-01-13,2024-01-19,191,1884.8154602193656,0.7880999999999999,1.1102230246251565e-16,0.7880999999999998,0.7880999999999998,913.1323182065673,1050.0,136.86768179343267,13.035017313660255,3.7980781697677557,22.02849789306222,21.856168026179823,0.1723298668823965,1884.8154602193654,1806.0625373037735,78.75292291559185,Target Growth Achieved,130.44;130.40;130.46;130.45;130.44;130.46;130.48
14,2024-01-14,2024-01-20,182,1884.8150643256765,0.7880999999999999,1.1102230246251565e-16,0.7880999999999998,0.7880999999999998,913.1534323932062,1050.0,136.84656760679377,13.033006438742264,3.7974922510885243,22.028527600223736,21.856168026179823,0.172359574043913,1884.8150643256765,1806.0625373037735,78.752527021903,Target Growth Achieved,130.45;130.42;130.46;130.46;130.44;130.43;130.48
15,2024-01-15,2024-01-21,180,1884.8177919624143,0.7880999999999999,1.1102230246251565e-16,0.7880999999999998,0.7880999999999998,913.2068894181596,1050.0,136.79311058184044,13.027915293508613,3.7960088186460723,22.028644257024972,21.856168026179823,0.17247623084514885,1884.8177919624143,1806.0625373037735,78.75525465864075,Target Growth Achieved,130.44;130.45;130.46;130.47;130.47;130.48;130.44
16,2024-01-16,2024-01-22,178,1884.8189878203855,0.7880999999999999,1.1102230246251565e-16,0.7880999999999998,0.7880999999999998,913.1411167515042,1050.0,136.85888324849577,13.034179356999598,3.797834010145756,22.028551301016506,21.856168026179823,0.17238327483668314,1884.8189878203855,1806.0625373037735,78.75645051661195,Target Growth Achieved,130.44;130.44;130.46;130.43;130.45;130.47;130.45
17,2024-01-17,2024-01-23,188,1884.8183171520059,0.7880999999999999,1.1102230246251565e-16,0.7880999999999998,0.7880999999999998,913.1955286750015,1050.0,136.80447132499853,13.02899726904748,3.7963240792687074,22.028631741330223,21.856168026179823,0.17246371515039982,1884.8183171520059,1806.0625373037735,78.75577984823235,Target Growth Achieved,130.46;130.47;130.43;130.47;130.43;130.47;130.46
18,2024-01-18,2024-01-24,162,1884.8143122189772,0.7880999999999999,1.1102230246251565e-16,0.7880999999999998,0.7880999999999998,913.1239970611329,1050.0,136.87600293886715,13.035809803701634,3.798309081553562,22.028471696263672,21.856168026179823,0.17230367008384917,1884.814312218977,1806.0625373037735,78.75177491520344,Target Growth Achieved,130.47;130.42;130.44;130.42;130.47;130.43;130.47
19,2024-01-19,2024-01-25,190,1884.8137176740543,0.7880999999999999,1.1102230246251565e-16,0.7880999999999998,0.7880999999999998,913.1052776686311,1050.0,136.89472233136894,13.03759260298752,3.7988285446954855,22.028434852566278,21.856168026179823,0.17226682638645485,1884.8137176740547,1806.0625373037735,78.75118037028119,Target Growth Achieved,130.46;130.44;130.48;130.43;130.46;130.41;130.43
20,2024-01-20,2024-01-26,194,1884.809671054786,0.7880999999999999,1.1102230246251565e-16,0.7880999999999998,0.7880999999999998,913.1256129653302,1050.0,136.87438703466978,13.03565590806379,3.7982642402120845,22.028422737960664,21.856168026179823,0.17225471178084106,1884.809671054786,1806.0625373037735,78.74713375101237,Target Growth Achieved,130.48;130.47;130.45;130.37;130.46;130.47;130.43
21,2024-01-21,2024-01-27,194,1884.8186915361964,0.7880999999999999,1.1102230246251565e-16,0.7880999999999998,0.7880999999999998,913.1349739055601,1050.0,136.86502609443994,13.034764389946659,3.798004474120706,22.028538086362655,21.856168026179823,0.17237006018283196,1884.8186915361964,1806.0625373037735,78.75615423242289,Target Growth Achieved,130.47;130.45;130.42;130.45;130.46;130.44;130.44
22,2024-01-22,2024-01-28,156,1885.1244988777416,0.7891307201726843,0.0025247384906702977,0.7880999999999998,0.795315041208791,913.4478179622827,1050.0,136.55218203771733,13.00496971787784,3.7893230515466563,22.031183562416917,21.859158366307195,0.1720251961097219,1885.1244988777416,1806.8203794722797,78.30411940546196,Target Growth Achieved,130.46;130.47;130.47;130.39;130.44;130.48;130.74
23,2024-01-23,2024-01-29,143,1885.7131325965192,0.7910782476452117,0.005011663623806534,0.7880999999999998,0.8017326923076923,913.9546492844602,1050.0,136.04535071553983,12.95670006814665,3.7752584823562287,22.036160544331402,21.864813803392753,0.17134674093864888,1885.7131325965192,1808.2534097217854,77.45972287473387,Target Growth Achieved,130.41;130.46;130.44;130.40;130.47;130.70;131.07
24,2024-01-24,2024-01-30,155,1883.7189629851528,0.7844411597331238,0.01813714891832135,0.7416403846153846,0.8017326923076923,911.9073494705591,1050.0,138.0926505294409,13.151681002803894,3.832071052191985,22.018645391538094,21.845710761969997,0.1729346295680969,1883.7189629851528,1803.4054979460834,80.31346503906934,Target Growth Achieved,130.45;130.46;130.44;130.44;130.74;131.04;128.33
25,2024-01-25,2024-01-31,187,1879.162588095417,0.7692194564364205,0.04009700882232668,0.6815480769230766,0.8017326923076923,907.1644336973674,1050.0,142.83556630263263,13.603387266917395,3.9636869648980557,21.978205778226886,21.80153813709295,0.1766676411339354,1879.162588095417,1791.7269491257503,87.4356389696668,Target Growth Achieved,130.40;130.48;130.47;130.77;131.08;128.34;125.63
26,2024-01-26,2024-02-01,161,1873.290320951058,0.7495265992935635,0.05648892065562505,0.65025,0.8017326923076923,901.0279047698009,1050.0,148.9720952301991,14.187818593352294,4.133975642638024,21.925883453707517,21.743596010313695,0.18228744339382175,1873.2903209510584,1775.7718650021063,97.51845594895212,Target Growth Achieved,130.49;130.45;130.78;131.11;128.30;125.66;124.25
27,2024-01-27,2024-02-02,183,1826.164656011989,0.7298337421507063,0.06323455504927115,0.65025,0.8017326923076923,894.8174180292343,1050.0,155.18258197076568,14.779293521025302,4.306316649688746,21.87353848366047,21.68565388353444,0.1878846001260328,1826.1646560119882,1759.8167808784624,66.3478751335258,Continue Optimization,130.39;130.80;131.06;128.39;125.68;124.26;124.24
28,2024-01-28,2024-02-03,182,1813.983941710727,0.7101408850078492,0.06348702625594578,0.65025,0.8017326923076923,888.5114825110709,1050.0,161.48851748892912,15.379858808469441,4.481306360317781,21.820948029310202,21.627711756755183,0.19323627255501918,1813.983941710727,1743.8616967548187,70.1222449559084,Continue Optimization,130.77;131.06;128.37;125.61;124.22;124.30;124.18
29,2024-01-29,2024-02-04,152,1801.2076752415387,0.6894173076923076,0.05547229958015135,0.65025,0.8017326923076923,881.9822487748992,1050.0,168.01775122510082,16.001690592866748,4.6624925964965485,21.76591379240477,21.566779289848554,0.19913450255621612,1801.2076752415387,1727.1487704626684,74.05890477887033,Continue Optimization,131.07;128.35;125.65;124.27;124.26;124.12;124.26
30,2024-01-30,2024-02-05,177,1787.815064780777,0.6677769230769229,0.03202994311448522,0.65025,0.7416403846153846,875.2146778146592,1050.0,174.78532218534076,16.646221160508645,4.8502926906432045,21.70826648222792,21.50318172598374,0.20508475624417954,1787.815064780777,1709.7606560895192,78.05440869125778,Continue Optimization,128.36;125.67;124.26;124.24;124.09;124.26;124.33
31,2024-01-31,2024-02-06,147,1779.8384597866939,0.6547211538461537,0.010952045484559296,0.65025,0.6815480769230766,871.2101385549622,1050.0,178.7898614450378,17.027605851908362,4.9614186550997985,21.67389823418892,21.46434264062724,0.20955559356167797,1779.8384597866939,1698.6534837415775,81.1849760451164,Continue Optimization,125.68;124.27;124.23;124.26;124.26;124.24;124.26
32,2024-02-01,2024-02-07,190,1777.0888302404733,0.6502499999999999,1.1102230246251565e-16,0.65025,0.65025,869.8266916660573,1050.0,180.1733083339427,17.159362698470733,4.999809306266908,21.661985792138243,21.45057313872503,0.21141265341321258,1777.0888302404733,1694.376948438267,82.71188180220634,Continue Optimization,124.26;124.26;124.28;124.23;124.29;124.26;124.26
33,2024-02-02,2024-02-08,200,1777.0653612751648,0.6502499999999999,1.1102230246251565e-16,0.65025,0.65025,869.7028312687814,1050.0,180.29716873121856,17.17115892678272,5.003246432291313,21.66177853289617,21.45057313872503,0.2112053941711416,1777.0653612751657,1694.376948438267,82.6884128368988,Continue Optimization,124.24;124.28;124.20;124.21;124.27;124.24;124.27
34,2024-02-03,2024-02-09,192,1777.1010656411463,0.6502499999999999,1.1102230246251565e-16,0.65025,0.65025,869.8195218932271,1050.0,180.18047810677285,17.160045533978366,5.000008267462945,21.6620385277147,21.45057313872503,0.21146538898966938,1777.1010656411463,1694.376948438267,82.72411720287937,Continue Optimization,124.24;124.26;124.26;124.26;124.27;124.26;124.27
35,2024-02-04,2024-02-10,180,1777.0698311230399,0.6502499999999999,1.1102230246251565e-16,0.65025,0.65025,869.634379073665,1050.0,180.36562092633505,17.177678183460483,5.005145980705798,21.661747037983982,21.45057313872503,0.21117389925895225,1777.069831123039,1694.376948438267,82.69288268477203,Continue Optimization,124.20;124.24;124.20;124.24;124.25;124.25;124.26
36,2024-02-05,2024-02-11,122,1777.0727364364648,0.6502499999999999,1.1102230246251565e-16,0.65025,0.65025,869.8903960517089,1050.0,180.10960394829112,17.153295614122964,4.998041509565077,21.661958274091177,21.45057313872503,0.21138513536614667,1777.0727364364648,1694.376948438267,82.69578799819783,Continue Optimization,124.28;124.24;124.31;124.25;124.25;124.28;124.28
37,2024-02-06,2024-02-12,198,1777.0812679767419,0.6502499999999999,1.1102230246251565e-16,0.65025,0.65025,869.7288054634075,1050.0,180.27119453659247,17.16868519396119,5.002525648390439,21.66187430643508,21.45057313872503,0.21130116771005092,1777.0812679767428,1694.376948438267,82.70431953847583,Continue Optimization,124.27;124.23;124.27;124.26;124.23;124.25;124.23
38,2024-02-07,2024-02-13,137,1777.0582518340154,0.6502499999999999,1.1102230246251565e-16,0.65025,0.65025,869.6412864867248,1050.0,180.35871351327523,17.177020334597643,5.004954299993386,21.661697224456834,21.45057313872503,0.21112408573180375,1777.0582518340154,1694.376948438267,82.6813033957485,Continue Optimization,124.20;124.24;124.22;124.27;124.21;124.23;124.28
39,2024-02-08,2024-02-14,178,1777.0540093505986,0.6502499999999999,1.1102230246251565e-16,0.65025,0.65025,869.750595218163,1050.0,180.24940478183703,17.166609979222574,5.001920982695978,21.66176130439197,21.45057313872503,0.21118816566693965,1777.054009350599,1694.376948438267,82.67706091233208,Continue Optimization,124.24;124.24;124.25;124.28;124.27;124.30;124.17
40,2024-02-09,2024-02-15,189,1777.0924969664393,0.6502499999999999,1.1102230246251565e-16,0.65025,0.65025,869.771970095309,1050.0,180.22802990469097,17.164574276637236,5.001327829855175,21.661961059801243,21.45057313872503,0.21138792107621285,1777.0924969664393,1694.376948438267,82.71554852817235,Continue Optimization,124.25;124.26;124.24;124.27;124.24;124.28;124.24
41,2024-02-10,2024-02-16,165,1777.0909962627684,0.6502499999999999,1.1102230246251565e-16,0.65025,0.65025,869.7929207099295,1050.0,180.2070792900705,17.162578980006714,5.000746450299456,21.661970067514808,21.45057313872503,0.21139692878977812,1777.0909962627684,1694.376948438267,82.71404782450145,Continue Optimization,124.20;124.26;124.26;124.26;124.28;124.27;124.27
42,2024-02-11,2024-02-17,187,1777.0962405857867,0.6502499999999999,1.1102230246251565e-16,0.65025,0.65025,869.7614059170294,1050.0,180.23859408297062,17.165580388854345,5.0016209858024325,21.66197074107553,21.45057313872503,0.2113976023504982,1777.096240585786,1694.376948438267,82.71929214751913,Continue Optimization,124.26;124.25;124.24;124.25;124.24;124.27;124.26
43,2024-02-12,2024-02-18,200,1777.0614487202945,0.6502499999999999,1.1102230246251565e-16,0.65025,0.65025,869.6855427886268,1050.0,180.31445721137322,17.17280544870221,5.003726187615605,21.66174657144104,21.45057313872503,0.2111734327160093,1777.0614487202945,1694.376948438267,82.68450028202756,Continue Optimization,124.22;124.20;124.24;124.25;124.26;124.22;124.29
44,2024-02-13,2024-02-19,166,1777.0452400932206,0.6502499999999999,1.1102230246251565e-16,0.65025,0.65025,869.6168487201804,1050.0,180.38315127981957,17.179347740935196,5.0056324480149925,21.66161642110467,21.45057313872503,0.21104328237964154,1777.0452400932197,1694.376948438267,82.66829165495278,Continue Optimization,124.25;124.14;124.26;124.29;124.24;124.23;124.21
45,2024-02-14,2024-02-20,199,1777.085428915069,0.6502499999999999,1.1102230246251565e-16,0.65025,0.65025,869.6953871777248,1050.0,180.3046128222752,17.171867887835734,5.0034530058181375,21.661868353337507,21.45057313872503,0.2112952146124769,1777.0854289150698,1694.376948438267,82.70848047680283,Continue Optimization,124.26;124.23;124.25;124.24;124.22;124.25;124.25
46,2024-02-15,2024-02-21,140,1777.054112085239,0.6502499999999999,1.1102230246251565e-16,0.65025,0.65025,869.7318500339912,1050.0,180.26814996600876,17.16839523485798,5.002441161556742,21.661747340174923,21.45057313872503,0.21117420144989296,1777.0541120852404,1694.376948438267,82.67716364697344,Continue Optimization,124.21;124.29;124.25;124.24;124.25;124.29;124.19
47,2024-02-16,2024-02-22,195,1777.0818147368973,0.6502499999999999,1.1102230246251565e-16,0.65025,0.65025,869.7028413433043,1050.0,180.29715865669573,17.171157967304353,5.003246152723307,21.661856890481875,21.45057313872503,0.2112837517568451,1777.0818147368966,1694.376948438267,82.70486629862967,Continue Optimization,124.23;124.27;124.25;124.26;124.18;124.24;124.26
48,2024-02-17,2024-02-23,140,1777.0931272042872,0.6502499999999999,1.1102230246251565e-16,0.65025,0.65025,869.843428012097,1050.0,180.15657198790302,17.157768760752667,4.9993448726643095,21.662019158390454,21.45057313872503,0.21144601966542353,1777.0931272042872,1694.376948438267,82.71617876602022,Continue Optimization,124.25;124.27;124.24;124.26;124.27;124.28;124.26
49,2024-02-18,2024-02-24,199,1777.0910739628468,0.6502499999999999,1.1102230246251565e-16,0.65025,0.65025,869.7925159086064,1050.0,180.20748409139355,17.16261753251367,5.000757683536172,21.661970125394085,21.45057313872503,0.2113969866690546,1777.0910739628468,1694.376948438267,82.71412552457991,Continue Optimization,124.26;124.27;124.23;124.24;124.25;124.26;124.28
50,2024-02-19,2024-02-25,191,1777.089445003854,0.6502499999999999,1.1102230246251565e-16,0.65025,0.65025,869.7488689034318,1050.0,180.2511310965682,17.166774390149353,5.001968887929767,21.661928714527082,21.45057313872503,0.21135557580205244,1777.089445003854,1694.376948438267,82.71249656558712,Continue Optimization,124.25;124.26;124.28;124.22;124.25;124.26;124.23
51,2024-02-20,2024-02-26,175,1777.1077130418537,0.6502499999999999,1.1102230246251565e-16,0.65025,0.65025,869.8147566281899,1050.0,180.1852433718101,17.160499368743817,5.000140503567728,21.662066507757526,21.45057313872503,0.21149336903249605,1777.1077130418546,1694.376948438267,82.73076460358766,Continue Optimization,124.27;124.25;124.25;124.26;124.26;124.26;124.27
52,2024-02-21,2024-02-27,172,1777.0770587566474,0.6502499999999999,1.1102230246251565e-16,0.65025,0.65025,869.7474893142213,1050.0,180.2525106857787,17.166905779597972,5.002007171530359,21.66186866866855,21.45057313872503,0.21129552994351997,1777.0770587566474,1694.376948438267,82.70011031838044,Continue Optimization,124.26;124.24;124.25;124.24;124.28;124.19;124.27
53,2024-02-22,2024-02-28,176,1790.7257318197867,0.6723214285714284,0.054063737894285736,0.65025,0.8047499999999996,876.7239460224911,1050.0,173.27605397750892,16.502481331191326,4.808410497875872,21.720656682446602,21.515425414388677,0.20523126805792558,1790.7257318197867,1712.082863827633,78.6428679921537,Continue Optimization,124.28;124.25;124.24;124.23;124.25;124.26;131.22
54,2024-02-23,2024-02-29,187,1814.7972766917478,0.7110357142857141,0.10102823408153101,0.65025,0.9212499999999997,888.9579514525248,1050.0,161.04204854747525,15.337337956902406,4.468916847192435,21.823578757676387,21.629517951576563,0.19406080609982368,1814.797276691747,1742.226234137089,72.57104255465788,Continue Optimization,124.26;124.23;124.26;124.25;124.24;131.19;136.51
55,2024-02-24,2024-03-01,182,1873.7955820928628,0.7497499999999998,0.12038657969818951,0.65025,0.9212499999999997,900.885490496746,1050.0,149.114509503254,14.20138185745276,4.137927638715297,21.926215877061978,21.74361048876445,0.18260538829752804,1873.7955820928628,1772.3696044465453,101.4259776463175,Target Growth Achieved,124.15;124.25;124.16;124.20;131.21;136.46;136.44
56,2024-02-25,2024-03-02,172,1885.5196894010794,0.7884642857142855,0.1256246839776712,0.65025,0.9212499999999997,912.9435602917372,1050.0,137.05643970826281,13.052994257929793,3.803316201904291,22.028895914885315,21.857703025952336,0.17119288893297835,1885.519689401079,1802.5129747560009,83.00671464507809,Target Growth Achieved,124.12;124.26;124.07;131.20;136.46;136.45;136.39
57,2024-02-26,2024-03-03,198,1897.254697848365,0.8271785714285712,0.1186279985535299,0.65025,0.9212499999999997,925.36779497863,1050.0,124.63220502137005,11.869733811559053,3.458543689343017,22.132332496347686,21.971795563140223,0.16053693320746376,1897.2546978483651,1862.12672568262,35.12797216574518,Target Growth Achieved,124.20;124.22;131.20;136.44;136.41;136.44;136.45
58,2024-02-27,2024-03-04,189,1908.9868523319826,0.8658928571428568,0.09677836028993334,0.65025,0.9212499999999997,937.6823865768027,1050.0,112.31761342319726,10.696915564114025,3.1168137724937246,22.23552629677917,22.08588810032811,0.14963819645106113,1908.9868523319826,1878.5789915295297,30.407860802452888,Target Growth Achieved,124.23;131.21;136.43;136.44;136.47;136.46;136.44
59,2024-02-28,2024-03-05,198,1920.713510849647,0.9046071428571425,0.04076650786203433,0.8047499999999996,0.9212499999999997,949.8160352638345,1050.0,100.18396473616554,9.541329974872909,2.780105021428593,22.33837782681092,22.199980637515996,0.13839718929492406,1920.713510849647,1895.0312573764395,25.68225347320754,Target Growth Achieved,131.21;136.41;136.44;136.43;136.45;136.42;136.45
60,2024-02-29,2024-03-06,188,1925.8561909502616,0.9212499999999997,0.0,0.9212499999999997,0.9212499999999997,955.1050680620946,1050.0,94.89493193790543,9.037612565514802,2.633334361276873,22.382742075083303,22.249220899040235,0.13352117604306812,1925.8561909502625,1901.559880913621,24.296310036641444,Target Growth Achieved,136.44;136.46;136.43;136.41;136.45;136.46;136.45
61,2024-03-01,2024-03-07,191,1925.853039880315,0.9212499999999997,0.0,0.9212499999999997,0.9212499999999997,955.1161284119124,1050.0,94.88387158808757,9.036559198865483,2.633027436569428,22.38272296552018,22.249220899040235,0.13350206647994511,1925.853039880315,1901.559880913621,24.29315896669391,Target Growth Achieved,136.44;136.41;136.47;136.43;136.47;136.44;136.46
62,2024-03-02,2024-03-08,181,1925.8542216893502,0.9212499999999997,0.0,0.9212499999999997,0.9212499999999997,955.0692728052063,1050.0,94.93072719479369,9.041021637599398,2.6343276796555237,22.382668728781596,22.249220899040235,0.13344782974136038,1925.8542216893497,1901.559880913621,24.294340775728642,Target Growth Achieved,136.44;136.46;136.46;136.43;136.41;136.45;136.43
63,2024-03-03,2024-03-09,181,1925.845238367485,0.9212499999999997,0.0,0.9212499999999997,0.9212499999999997,955.0381932656445,1050.0,94.96180673435549,9.043981593748143,2.6351901368783643,22.382524228622884,22.249220899040235,0.1333033295826489,1925.845238367485,1901.559880913621,24.28535745386398,Target Growth Achieved,136.42;136.45;136.43;136.46;136.36;136.45;136.47
64,2024-03-04,2024-03-10,170,1925.8433588167693,0.9212499999999997,0.0,0.9212499999999997,0.9212499999999997,955.01112742564,1050.0,94.98887257436002,9.046559292796193,2.635941213938491,22.382464430062743,22.249220899040235,0.13324353102250797,1925.8433588167693,1901.559880913621,24.283477903148196,Target Growth Achieved,136.44;136.47;136.43;136.44;136.45;136.41;136.36
65,2024-03-05,2024-03-11,195,1925.8558354626678,0.9212499999999997,0.0,0.9212499999999997,0.9212499999999997,955.0803180766698,1050.0,94.91968192333024,9.039969706983833,2.634021173372414,22.382702540242096,22.249220899040235,0.13348164120186112,1925.8558354626678,1901.559880913621,24.295954549046655,Target Growth Achieved,136.43;136.45;136.46;136.42;136.44;136.43;136.45
66,2024-03-06,2024-03-12,185,1925.8406957870184,0.9212499999999997,0.0,0.9212499999999997,0.9212499999999997,955.2242657535088,1050.0,94.7757342464912,9.026260404427733,2.630026625340129,22.382741286394694,22.249220899040235,0.1335203873544586,1925.8406957870184,1901.559880913621,24.280814873397276,Target Growth Achieved,136.46;136.49;136.44;136.47;136.49;136.45;136.43
67,2024-03-07,2024-03-13,187,1925.8500218604092,0.9212499999999997,0.0,0.9212499999999997,0.9212499999999997,955.0247692643816,1050.0,94.97523073561842,9.045260070058896,2.6355626529134106,22.38255807781356,22.249220899040235,0.13333717877332418,1925.8500218604092,1901.559880913621,24.290140946788142,Target Growth Achieved,136.46;136.35;136.43;136.45;136.45;136.44;136.44
68,2024-03-08,2024-03-14,193,1925.8347564453736,0.9212499999999997,0.0,0.9212499999999997,0.9212499999999997,955.2023419211866,1050.0,94.79765807881336,9.028348388458415,2.630635011687069,22.382643772110832,22.249220899040235,0.13342287307059664,1925.8347564453736,1901.559880913621,24.274875531752514,Target Growth Achieved,136.46;136.45;136.50;136.46;136.45;136.49;136.39
69,2024-03-09,2024-03-15,200,1925.8517989108136,0.9212499999999997,0.0,0.9212499999999997,0.9212499999999997,955.0436843838899,1050.0,94.95631561611015,9.043458630105729,2.635037758347057,22.382605018556543,22.249220899040235,0.13338411951630746,1925.8517989108136,1901.559880913621,24.291917997192513,Target Growth Achieved,136.44;136.43;136.43;136.46;136.45;136.42;136.42
70,2024-03-10,2024-03-16,195,1925.8542777669106,0.9212499999999997,0.0,0.9212499999999997,0.9212499999999997,955.1615224193739,1050.0,94.83847758062609,9.032235960059626,2.6317677528623733,22.382801986310863,22.249220899040235,0.13358108727062756,1925.8542777669106,1901.559880913621,24.294396853289527,Target Growth Achieved,136.44;136.45;136.46;136.46;136.41;136.46;136.47
71,2024-03-11,2024-03-17,200,1925.855862789987,0.9212499999999997,0.0,0.9212499999999997,0.9212499999999997,955.1470599467951,1050.0,94.85294005320486,9.033613338400464,2.632169086476434,22.382798803856694,22.249220899040235,0.13357790481645893,1925.855862789987,1901.559880913621,24.295981876365886,Target Growth Achieved,136.43;136.45;136.45;136.47;136.44;136.47;136.44
72,2024-03-12,2024-03-18,130,1925.8584202053369,0.9212499999999997,0.0,0.9212499999999997,0.9212499999999997,955.2164300385558,1050.0,94.78356996144419,9.027006662994683,2.630244066430077,22.38292695835918,22.249220899040235,0.1337060593189463,1925.8584202053373,1901.559880913621,24.298539291716224,Target Growth Achieved,136.45;136.47;136.46;136.46;136.46;136.46;136.45
73,2024-03-13,2024-03-19,180,1925.8347897002286,0.9212499999999997,0.0,0.9212499999999997,0.9212499999999997,954.9140571019863,1050.0,95.08594289801374,9.055804085525118,2.638634915419882,22.38222965210251,22.249220899040235,0.1330087530622741,1925.8347897002286,1901.559880913621,24.27490878660751,Target Growth Achieved,136.29;136.42;136.44;136.46;136.46;136.46;136.39
74,2024-03-14,2024-03-20,183,1925.8505238358975,0.9212499999999997,0.0,0.9212499999999997,0.9212499999999997,955.1072778632247,1050.0,94.89272213677532,9.037402108264315,2.6332730392955135,22.382682284348878,22.249220899040235,0.13346138530864238,1925.8505238358975,1901.559880913621,24.290642922276447,Target Growth Achieved,136.45;136.44;136.42;136.48;136.43;136.44;136.46
75,2024-03-15,2024-03-21,178,1925.8416868591487,0.9212499999999997,0.0,0.9212499999999997,0.9212499999999997,954.9516713441521,1050.0,95.04832865584785,9.052221776747414,2.637591120199776,22.38236036812314,22.249220899040235,0.13313946908290575,1925.8416868591491,1901.559880913621,24.28180594552805,Target Growth Achieved,136.46;136.44;136.33;136.45;136.44;136.41;136.42
76,2024-03-16,2024-03-22,193,1925.8494213282222,0.9212499999999997,0.0,0.9212499999999997,0.9212499999999997,955.0722371037036,1050.0,94.92776289629637,9.040739323456798,2.634245420372224,22.38261965343824,22.249220899040235,0.13339875439800508,1925.8494213282222,1901.559880913621,24.289540414601106,Target Growth Achieved,136.44;136.47;136.44;136.44;136.44;136.43;136.42
77,2024-03-17,2024-03-23,196,1925.8564746772124,0.9212499999999997,0.0,0.9212499999999997,0.9212499999999997,955.0971555484874,1050.0,94.90284445151258,9.038366138239292,2.6335539335294733,22.382733851168748,22.249220899040235,0.13351295212851255,1925.8564746772129,1901.559880913621,24.296593763591773,Target Growth Achieved,136.46;136.46;136.45;136.45;136.43;136.43;136.42
78,2024-03-18,2024-03-24,198,1925.8485449888042,0.9212499999999997,0.0,0.9212499999999997,0.9212499999999997,955.1332461495983,1050.0,94.86675385040166,9.034928938133492,2.632552419348645,22.382697633784026,22.249220899040235,0.13347673474379107,1925.8485449888042,1901.559880913621,24.28866407518308,Target Growth Achieved,136.43;136.48;136.46;136.44;136.42;136.45;136.45
79,2024-03-19,2024-03-25,186,1925.8533055806126,0.9212499999999997,0.0,0.9212499999999997,0.9212499999999997,955.0864952525345,1050.0,94.91350474746548,9.039381404520523,2.6338497567421655,22.38268331184767,22.249220899040235,0.13346241280743598,1925.8533055806126,1901.559880913621,24.29342466699154,Target Growth Achieved,136.46;136.45;136.41;136.42;136.46;136.46;136.43
80,2024-03-20,2024-03-26,160,1925.8498105638655,0.9212499999999997,0.0,0.9212499999999997,0.9212499999999997,955.1353139480598,1050.0,94.86468605194023,9.034732004946688,2.6324950379413394,22.38271466876382,22.249220899040235,0.13349376972358584,1925.849810563865,1901.559880913621,24.28992965024395,Target Growth Achieved,136.46;136.46;136.48;136.38;136.44;136.46;136.46
81,2024-03-21,2024-03-27,186,1925.6907151711684,0.9207410714285711,0.0012466153155234734,0.9176875,0.9212499999999997,954.9484005708048,1050.0,95.05159942919522,9.052533278970973,2.637681884160166,22.38132540722109,22.247693065563816,0.13363234165727533,1925.6907151711684,1901.3582509007433,24.332464270425135,Target Growth Achieved,136.44;136.44;136.48;136.46;136.43;136.45;136.25
82,2024-03-22,2024-03-28,200,1925.0124578590571,0.9185625,0.0052738615900900215,0.9060000000000001,0.9212499999999997,954.2465017796744,1050.0,95.75349822032558,9.11938078288815,2.6571595756140347,22.3755404230823,22.24116232598659,0.13437809709570914,1925.0124578590567,1900.495984338793,24.516473520263617,Target Growth Achieved,136.44;136.45;136.44;136.44;136.47;136.25;135.76
83,2024-03-23,2024-03-29,155,1923.5247657754514,0.9137716836734693,0.011822626813176427,0.8877142857142856,0.9212499999999997,952.8100306821257,1050.0,97.18996931787433,9.25618755408327,2.6970216485710132,22.36297936000909,22.226833689165915,0.13614567084317386,1923.524765775451,1898.6027641677895,24.922001607661514,Target Growth Achieved,136.45;136.45;136.47;136.46;136.28;135.76;134.94
84,2024-03-24,2024-03-30,200,1920.2770620371896,0.9033482142857141,0.025214416245976423,0.8482857142857143,0.9212499999999997,949.3931804769629,1050.0,100.60681952303707,9.581601859336866,2.7918392417642792,22.33493622491708,22.195815829157958,0.1391203957591216,1920.2770620371896,1894.4977996242162,25.779262412973367,Target Growth Achieved,136.45;136.35;136.46;136.28;135.74;134.95;133.17
85,2024-03-25,2024-03-31,186,1916.1492245975173,0.8899910714285715,0.035043015853301655,0.8277499999999998,0.9212499999999997,945.2465300083942,1050.0,104.75346999160581,9.976520951581506,2.9069087922670604,22.299593087929853,22.15617510467801,0.14341798325184385,1916.149224597517,1889.2471344210207,26.90209017649636,Target Growth Achieved,136.43;136.45;136.28;135.77;134.94;133.15;132.23
86,2024-03-26,2024-04-01,188,1912.0076493764318,0.8766339285714285,0.038254837641165045,0.8277499999999998,0.9212499999999997,941.0332810434409,1050.0,108.96671895655913,10.377782757767537,3.0238264510445134,22.264003460322314,22.11653438019806,0.14746908012425308,1912.0076493764318,1883.9964692178255,28.011180158606294,Target Growth Achieved,136.47;136.23;135.77;134.94;133.17;132.24;132.22
87,2024-03-27,2024-04-02,188,1907.8612008637494,0.8632767857142857,0.03663366914734041,0.8277499999999998,0.9176875,936.8621371307697,1050.0,113.13786286923028,10.775034558974312,3.13957569462114,22.22842066032312,22.076893655718113,0.15152700460500768,1907.8612008637497,1878.74580401463,29.115396849119634,Target Growth Achieved,136.28;135.76;134.98;133.11;132.25;132.27;132.21
88,2024-03-28,2024-04-03,184,1903.890749321243,0.8504285714285713,0.030566719549590705,0.8277499999999998,0.9060000000000001,932.7684514939455,1050.0,117.23154850605454,11.164909381529004,3.2531754710430114,22.194249458159664,22.038780764714584,0.15546869344507996,1903.8907493212434,1873.6967688243126,30.193980496930863,Target Growth Achieved,135.79;134.94;133.17;132.25;132.24;132.16;132.22
89,2024-03-29,2024-04-04,190,1900.4373249443927,0.8392499999999999,0.021015916153678083,0.8277499999999998,0.8877142857142856,929.217315842538,1050.0,120.78268415746197,11.50311277690114,3.3517194853695678,22.164499646088558,22.00567077981186,0.15882886627669635,1900.437324944393,1869.3083701830676,31.128954761325303,Target Growth Achieved,134.93;133.08;132.23;132.24;132.25;132.25;132.23
90,2024-03-30,2024-04-05,197,1897.7909368745602,0.8306836734693877,0.007186003071940538,0.8277499999999998,0.8482857142857143,926.4294537245283,1050.0,123.57054627547166,11.768623454806825,3.4290826591443384,22.1415255481713,21.98035869215259,0.16116685601870984,1897.7909368745597,1865.9509251508757,31.84001172368403,Target Growth Achieved,133.16;132.24;132.21;132.24;132.20;132.17;132.20
91,2024-03-31,2024-04-06,170,1896.8859658471176,0.8277499999999999,1.1102230246251565e-16,0.8277499999999998,0.8277499999999998,925.4441494436848,1050.0,124.55585055631525,11.86246195774431,3.4564248529377473,22.133576912687655,21.971735827680597,0.16184108500705818,1896.885965847118,1864.8052244912537,32.08074135586435,Target Growth Achieved,132.21;132.23;132.20;132.23;132.23;132.17;132.17
92,2024-04-01,2024-04-07,188,1896.8908678965313,0.8277499999999999,1.1102230246251565e-16,0.8277499999999998,0.8277499999999998,925.6477039154338,1050.0,124.3522960845662,11.843075817577734,3.4507762163467106,22.13394942245688,21.971735827680597,0.16221359477628283,1896.890867896531,1864.8052244912537,32.085643405277324,Target Growth Achieved,132.20;132.25;132.17;132.26;132.25;132.26;132.25
93,2024-04-02,2024-04-08,189,1896.8976445327835,0.8277499999999999,1.1102230246251565e-16,0.8277499999999998,0.8277499999999998,925.6356648737269,1050.0,124.36433512627309,11.84422239297839,3.4511102997540775,22.134005908081413,21.971735827680597,0.16227008040081614,1896.8976445327835,1864.8052244912537,32.09242004152975,Target Growth Achieved,132.21;132.20;132.24;132.25;132.23;132.25;132.25
94,2024-04-03,2024-04-09,198,1896.9000033483605,0.8277499999999999,1.1102230246251565e-16,0.8277499999999998,0.8277499999999998,925.7156983458342,1050.0,124.2843016541658,11.8366001575396,3.4488893709030997,22.134157164997244,21.971735827680597,0.16242133731664765,1896.9000033483608,1864.8052244912537,32.09477885710703,Target Growth Achieved,132.25;132.23;132.24;132.25;132.26;132.23;132.25
95,2024-04-04,2024-04-10,178,1896.8949612014192,0.8277499999999999,1.1102230246251565e-16,0.8277499999999998,0.8277499999999998,925.599666271995,1050.0,124.40033372800497,11.847650831238568,3.452109260952138,22.133919847473187,21.971735827680597,0.16218401979259056,1896.8949612014192,1864.8052244912537,32.089736710165425,Target Growth Achieved,132.22;132.20;132.24;132.26;132.19;132.25;132.24
96,2024-04-05,2024-04-11,198,1896.889363898752,0.8277499999999999,1.1102230246251565e-16,0.8277499999999998,0.8277499999999998,925.6317500592537,1050.0,124.3682499407463,11.844595232452027,3.45121893585571,22.13390778435649,21.971735827680597,0.1621719566758948,1896.889363898752,1864.8052244912537,32.08413940749824,Target Growth Achieved,132.24;132.27;132.25;132.24;132.16;132.26;132.22
97,2024-04-06,2024-04-12,178,1896.8992827101742,0.8277499999999999,1.1102230246251565e-16,0.8277499999999998,0.8277499999999998,925.6436476177048,1050.0,124.3563523822952,11.843462131647161,3.4508887786086895,22.1340365826464,21.971735827680597,0.16230075496580199,1896.8992827101742,1864.8052244912537,32.09405821892051,Target Growth Achieved,132.25;132.24;132.22;132.19;132.24;132.25;132.24
98,2024-04-07,2024-04-13,179,1896.903312583099,0.8277499999999999,1.1102230246251565e-16,0.8277499999999998,0.8277499999999998,925.6838217734866,1050.0,124.31617822651344,11.83963602157271,3.449773945785747,22.134144128898743,21.971735827680597,0.16240830121814653,1896.9033125830993,1864.8052244912537,32.09808809184551,Target Growth Achieved,132.24;132.24;132.25;132.25;132.24;132.23;132.23
99,2024-04-08,2024-04-14,190,1896.8916751012662,0.8277499999999999,1.1102230246251565e-16,0.8277499999999998,0.8277499999999998,925.5280168173433,1050.0,124.47198318265669,11.854474588824445,3.4540975333187234,22.133771386956894,21.971735827680597,0.16203555927629765,1896.8916751012657,1864.8052244912537,32.08645061001198,Target Growth Achieved,132.25;132.23;132.22;132.25;132.17;132.23;132.19
100,2024-04-09,2024-04-15,188,1896.8904419867508,0.8277499999999999,1.1102230246251565e-16,0.8277499999999998,0.8277499999999998,925.5738959424776,1050.0,124.42610405752237,11.850105148335462,3.4528243875962445,22.133829369268692,21.971735827680597,0.16209354158809575,1896.8904419867508,1864.8052244912537,32.08521749549709,Target Growth Achieved,132.24;132.14;132.22;132.26;132.25;132.25;132.21
101,2024-04-10,2024-04-16,162,1896.8979835802093,0.8277499999999999,1.1102230246251565e-16,0.8277499999999998,0.8277499999999998,925.6278338825391,1050.0,124.37216611746089,11.844968201662942,3.451327609759538,22.13399743978636,21.971735827680597,0.1622616121057625,1896.8979835802097,1864.8052244912537,32.09275908895597,Target Growth Achieved,132.24;132.25;132.25;132.17;132.24;132.23;132.24
102,2024-04-11,2024-04-17,187,1896.891648196621,0.8277499999999999,1.1102230246251565e-16,0.8277499999999998,0.8277499999999998,925.5349913017329,1050.0,124.46500869826707,11.85381035221591,3.4539039913769116,22.133781985260786,21.971735827680597,0.16204615758018903,1896.891648196621,1864.8052244912537,32.086423705367224,Target Growth Achieved,132.16;132.23;132.21;132.23;132.21;132.25;132.25
103,2024-04-12,2024-04-18,171,1896.8934880660086,0.8277499999999999,1.1102230246251565e-16,0.8277499999999998,0.8277499999999998,925.546577409887,1050.0,124.45342259011295,11.852706913344091,3.453582476875635,22.133820530904295,21.971735827680597,0.16208470322369806,1896.8934880660083,1864.8052244912537,32.08826357475459,Target Growth Achieved,132.20;132.21;132.24;132.21;132.23;132.24;132.22
104,2024-04-13,2024-04-19,173,1896.9033527857684,0.8277499999999999,1.1102230246251565e-16,0.8277499999999998,0.8277499999999998,925.6809025600595,1050.0,124.31909743994049,11.839914041899094,3.449854953958347,22.134140014486267,21.971735827680597,0.16240418680567004,1896.9033527857684,1864.8052244912537,32.09812829451471,Target Growth Achieved,132.25;132.21;132.25;132.25;132.25;132.23;132.25
105,2024-04-14,2024-04-20,194,1896.8989531836903,0.8277499999999999,1.1102230246251565e-16,0.8277499999999998,0.8277499999999998,925.7268497197582,1050.0,124.2731502802418,11.83553812192779,3.4485799202767105,22.134162919903144,21.971735827680597,0.16242709222254703,1896.8989531836903,1864.8052244912537,32.09372869243657,Target Growth Achieved,132.25;132.26;132.25;132.24;132.25;132.24;132.23
106,2024-04-15,2024-04-21,187,1896.895373815292,0.8277499999999999,1.1102230246251565e-16,0.8277499999999998,0.8277499999999998,925.6549020999075,1050.0,124.34509790009247,11.842390276199282,3.450576466727565,22.13401073498423,21.971735827680597,0.16227490730363314,1896.8953738152918,1864.8052244912537,32.090149324038066,Target Growth Achieved,132.24;132.19;132.23;132.23;132.26;132.25;132.26
107,2024-04-16,2024-04-22,138,1896.9005958324415,0.8277499999999999,1.1102230246251565e-16,0.8277499999999998,0.8277499999999998,925.7173891316493,1050.0,124.28261086835073,11.836439130319116,3.4488424515967324,22.1341663899126,21.971735827680597,0.1624305622320037,1896.9005958324415,1864.8052244912537,32.09537134118773,Target Growth Achieved,132.26;132.24;132.23;132.25;132.24;132.26;132.24
108,2024-04-17,2024-04-23,154,1896.8907361239442,0.8277499999999999,1.1102230246251565e-16,0.8277499999999998,0.8277499999999998,925.5460746701954,1050.0,124.45392532980463,11.852754793314727,3.4535964279020774,22.133789168267413,21.971735827680597,0.16205334058681586,1896.8907361239442,1864.8052244912537,32.08551163269044,Target Growth Achieved,132.21;132.19;132.25;132.25;132.20;132.22;132.21
109,2024-04-18,2024-04-24,195,1896.8894025322766,0.8277499999999999,1.1102230246251565e-16,0.8277499999999998,0.8277499999999998,925.5358971471114,1050.0,124.46410285288857,11.853724081227483,3.4538788541676553,22.133758448767814,21.971735827680597,0.16202262108721754,1896.8894025322766,1864.8052244912537,32.084178041022824,Target Growth Achieved,132.19;132.18;132.21;132.24;132.22;132.26;132.24
110,2024-04-19,2024-04-25,183,1896.8794489110287,0.8277499999999999,1.1102230246251565e-16,0.8277499999999998,0.8277499999999998,925.4354779302126,1050.0,124.56452206978736,11.863287816170224,3.4566654874365987,22.13349095352861,21.971735827680597,0.1617551258480141,1896.8794489110285,1864.8052244912537,32.07422441977474,Target Growth Achieved,132.12;132.26;132.23;132.19;132.24;132.26;132.14
111,2024-04-20,2024-04-26,175,1896.8965388504882,0.8277499999999999,1.1102230246251565e-16,0.8277499999999998,0.8277499999999998,925.5881190951411,1050.0,124.41188090485889,11.848750562367513,3.4524296951098314,22.133919335084965,21.971735827680597,0.16218350740436804,1896.896538850488,1864.8052244912537,32.091314359234275,Target Growth Achieved,132.22;132.22;132.23;132.20;132.22;132.25;132.25
112,2024-04-21,2024-04-27,197,1896.5981283092563,0.8268194962686566,0.0022792593455469036,0.8212364738805966,0.8277499999999998,925.3670112898931,1050.0,124.63298871010693,11.869808448581612,3.4585654367054666,22.13140381584039,21.969010984430856,0.16239283140953376,1896.5981283092563,1864.4427451286278,32.155383180628405,Target Growth Achieved,132.23;132.28;132.27;132.20;132.22;132.26;131.91
113,2024-04-22,2024-04-28,184,1895.3943145026933,0.8228362873134326,0.009642508131134882,0.7998675373134331,0.8277499999999998,924.053261719638,1050.0,125.94673828036196,11.994927455272567,3.495021987280044,22.120844576739238,21.95738167460278,0.16346290213645887,1895.3943145026933,1862.8942229157426,32.5000915869507,Target Growth Achieved,132.26;132.25;132.20;132.23;132.25;131.90;130.98
114,2024-04-23,2024-04-29,174,1893.228465036469,0.8157187499999999,0.01808277967347357,0.7779272388059705,0.8277499999999998,921.8684086567121,1050.0,128.13159134328794,12.203008699360755,3.555651659776238,22.10200410835934,21.936666480617326,0.16533762774201222,1893.2284650364695,1860.1330457555594,33.095419280910164,Target Growth Achieved,132.25;132.24;132.25;132.21;131.90;131.00;130.02
115,2024-04-24,2024-04-30,200,1890.5720852733375,0.80696875,0.023996146476452915,0.7665000000000004,0.8277499999999998,919.0329614598242,1050.0,130.96703854017585,12.473051289540557,3.634335319489878,22.078627867176518,21.911242228027294,0.16738563914922366,1890.5720852733373,1820.0055821917424,70.56650308159487,Target Growth Achieved,132.25;132.22;132.22;131.93;130.99;129.96;129.47
116,2024-04-25,2024-05-01,164,1887.918735270477,0.7982187500000001,0.025913667643145028,0.7665000000000004,0.8277499999999998,916.4101874815058,1050.0,133.58981251849423,12.72283928747564,3.707117297388212,22.05562894244116,21.885817975437263,0.16981096700389742,1887.9187352704776,1813.5639891478359,74.3547461226417,Target Growth Achieved,132.25;132.23;131.93;130.99;130.01;129.50;129.49
117,2024-04-26,2024-05-02,166,1885.252105462955,0.7894687500000003,0.024780966400029334,0.7665000000000004,0.8277499999999998,913.5175361484844,1050.0,136.4824638515156,12.998329890620534,3.7873883718795582,22.03205232178703,21.86039372284723,0.17165859893979984,1885.2521054629553,1807.122396103929,78.12970935902626,Target Growth Achieved,132.21;131.86;130.98;130.01;129.49;129.47;129.49
118,2024-04-27,2024-05-03,197,1882.5871396274556,0.7807187500000003,0.020088539536745505,0.7665000000000004,0.8212364738805966,910.8809301187531,1050.0,139.1190698812469,13.249435226785419,3.860554189204599,22.008897200529034,21.8349694702572,0.17392773027183495,1882.5871396274556,1800.6808030600225,81.90633656743307,Target Growth Achieved,131.95;130.99;129.99;129.44;129.49;129.54;129.47
119,2024-04-28,2024-05-04,166,1880.2211903613863,0.7728992537313438,0.01169445042295836,0.7665000000000004,0.7998675373134331,908.3226270195391,1050.0,141.67737298046086,13.493083140996273,3.931547100207787,21.98803339269813,21.81227006091691,0.17576333178122283,1880.2211903613863,1794.928670568711,85.29251979267542,Target Growth Achieved,131.00;129.91;129.47;129.47;129.49;129.49;129.49
120,2024-04-29,2024-05-05,193,1878.7811535177557,0.7681324626865677,0.003998700606222513,0.7665000000000004,0.7779272388059705,906.8576123987125,1050.0,143.1423876012875,13.632608342979763,3.972201255935726,21.975451391198096,21.798475118154954,0.17697627304314167,1878.7811535177561,1791.4311169170585,87.35003660069765,Target Growth Achieved,129.99;129.48;129.47;129.48;129.46;129.50;129.49
121,2024-04-30,2024-05-06,193,1878.2857462150794,0.7665000000000005,1.1102230246251565e-16,0.7665000000000004,0.7665000000000004,906.2944416102,1050.0,143.7055583898,13.686243656171426,3.9878292453169486,21.971001497112677,21.793766059550375,0.17723543756230242,1878.2857462150796,1790.2365243115894,88.0492219034902,Target Growth Achieved,129.46;129.49;129.49;129.43;129.49;129.44;129.48
122,2024-05-01,2024-05-07,197,1878.2781831715238,0.7665000000000005,1.1102230246251565e-16,0.7665000000000004,0.7665000000000004,906.16454679922,1050.0,143.83545320077997,13.698614590550473,3.991433826321643,21.970703901793378,21.793766059550375,0.17693784224300302,1878.2781831715236,1790.2365243115894,88.04165885993416,Target Growth Achieved,129.44;129.50;129.47;129.46;129.48;129.43;129.39
123,2024-05-02,2024-05-08,197,1878.2792135394186,0.7665000000000005,1.1102230246251565e-16,0.7665000000000004,0.7665000000000004,906.1958703336607,1050.0,143.80412966633935,13.695631396794225,3.9905645982409155,21.970766849696556,21.793766059550375,0.17700079014618098,1878.2792135394182,1790.2365243115894,88.04268922782876,Target Growth Achieved,129.48;129.45;129.47;129.34;129.47;129.49;129.50
124,2024-05-03,2024-05-09,147,1878.2808797050964,0.7665000000000005,1.1102230246251565e-16,0.7665000000000004,0.7665000000000004,906.2967047662337,1050.0,143.7032952337663,13.686028117501554,3.9877664427370156,21.97095114565951,21.793766059550375,0.17718508610913375,1878.2808797050964,1790.2365243115894,88.04435539350698,Target Growth Achieved,129.50;129.49;129.48;129.37;129.51;129.48;129.48
125,2024-05-04,2024-05-10,188,1878.2753199631684,0.7665000000000005,1.1102230246251565e-16,0.7665000000000004,0.7665000000000004,906.0819200199426,1050.0,143.91807998005743,13.706483807624517,3.9937267194465917,21.970536240761326,21.793766059550375,0.17677018121095145,1878.2753199631684,1790.2365243115894,88.038795651579,Target Growth Achieved,129.44;129.43;129.39;129.44;129.43;129.46;129.48
126,2024-05-05,2024-05-11,199,1878.2822694167896,0.7665000000000005,1.1102230246251565e-16,0.7665000000000004,0.7665000000000004,906.3629480587307,1050.0,143.6370519412693,13.679719232501839,3.9859281913702205,21.97107549823378,21.793766059550375,0.17730943868340532,1878.2822694167896,1790.2365243115894,88.04574510520024,Target Growth Achieved,129.50;129.50;129.50;129.49;129.44;129.44;129.49
127,2024-05-06,2024-05-12,196,1878.2867934214335,0.7665000000000005,1.1102230246251565e-16,0.7665000000000004,0.7665000000000004,906.3195975118458,1050.0,143.6804024881542,13.683847856014683,3.987131169046279,21.97105449183624,21.793766059550375,0.17728843228586655,1878.2867934214337,1790.2365243115894,88.0502691098443,Target Growth Achieved,129.49;129.47;129.50;129.49;129.43;129.49;129.46
128,2024-05-07,2024-05-13,197,1878.2892741176452,0.7665000000000005,1.1102230246251565e-16,0.7665000000000004,0.7665000000000004,906.3381064414936,1050.0,143.66189355850645,13.682085100810138,3.986617546248553,21.971112485864367,21.793766059550375,0.1773464263139921,1878.2892741176454,1790.2365243115894,88.052749806056,Target Growth Achieved,129.46;129.48;129.49;129.49;129.46;129.48;129.48
129,2024-05-08,2024-05-14,169,1878.2862764966146,0.7665000000000005,1.1102230246251565e-16,0.7665000000000004,0.7665000000000004,906.2830726659786,1050.0,143.71692733402142,13.687326412763944,3.9881447335190927,21.970988697322216,21.793766059550375,0.1772226377718411,1878.2862764966148,1790.2365243115894,88.04975218502545,Target Growth Achieved,129.48;129.47;129.47;129.49;129.43;129.47;129.47
130,2024-05-09,2024-05-15,200,1878.2827682542013,0.7665000000000005,1.1102230246251565e-16,0.7665000000000004,0.7665000000000004,906.2186643156749,1050.0,143.7813356843251,13.693460541364294,3.989932065240019,21.970843822366575,21.793766059550375,0.17707776281620013,1878.2827682542013,1790.2365243115894,88.04624394261191,Target Growth Achieved,129.46;129.48;129.49;129.36;129.47;129.47;129.49
131,2024-05-10,2024-05-16,158,1878.2871179567924,0.7665000000000005,1.1102230246251565e-16,0.7665000000000004,0.7665000000000004,906.3211107711218,1050.0,143.67888922887823,13.683703736083642,3.987089176101371,21.971060585751058,21.793766059550375,0.17729452620068287,1878.2871179567926,1790.2365243115894,88.05059364520321,Target Growth Achieved,129.45;129.47;129.48;129.44;129.50;129.49;129.49
132,2024-05-11,2024-05-17,192,1878.2756804220699,0.7665000000000005,1.1102230246251565e-16,0.7665000000000004,0.7665000000000004,906.0885377391492,1050.0,143.91146226085084,13.705853548652462,3.993543077738611,21.970551126125905,21.793766059550375,0.17678506657552973,1878.2756804220694,1790.2365243115894,88.03915611048001,Target Growth Achieved,129.45;129.49;129.49;129.44;129.32;129.46;129.44
133,2024-05-12,2024-05-18,190,1878.2886917147193,0.7665000000000005,1.1102230246251565e-16,0.7665000000000004,0.7665000000000004,906.3326622906814,1050.0,143.66733770931864,13.682603591363682,3.9867686214335905,21.971097063931907,21.793766059550375,0.17733100438153215,1878.2886917147198,1790.2365243115894,88.0521674031304,Target Growth Achieved,129.49;129.49;129.49;129.42;129.48;129.46;129.49
134,2024-05-13,2024-05-19,185,1878.2763028837978,0.7665000000000005,1.1102230246251565e-16,0.7665000000000004,0.7665000000000004,906.2945984270401,1050.0,143.7054015729599,13.686228721234276,3.987824893649634,21.970896829033855,21.793766059550375,0.1771307694834796,1878.2763028837978,1790.2365243115894,88.03977857220843,Target Growth Achieved,129.51;129.49;129.49;129.49;129.36;129.45;129.51
135,2024-05-14,2024-05-20,158,1878.2832065611149,0.7665000000000005,1.1102230246251565e-16,0.7665000000000004,0.7665000000000004,906.2541969350982,1050.0,143.7458030649018,13.6900764823716,3.988946035051022,21.970907112017787,21.793766059550375,0.1771410524674124,1878.2832065611144,1790.2365243115894,88.04668224952502,Target Growth Achieved,129.46;129.44;129.46;129.50;129.47;129.48;129.44
136,2024-05-15,2024-05-21,188,1878.2875733784422,0.7665000000000005,1.1102230246251565e-16,0.7665000000000004,0.7665000000000004,906.3793643123745,1050.0,143.6206356876255,13.678155779773856,3.985472640331608,21.971161421286048,21.793766059550375,0.17739536173567316,1878.2875733784426,1790.2365243115894,88.05104906685324,Target Growth Achieved,129.49;129.49;129.48;129.49;129.47;129.45;129.50
137,2024-05-16,2024-05-22,196,1878.2863051660393,0.7665000000000005,1.1102230246251565e-16,0.7665000000000004,0.7665000000000004,906.2835990122575,1050.0,143.71640098774253,13.687276284546906,3.9881301274098533,21.970989881243142,21.793766059550375,0.17722382169276685,1878.2863051660393,1790.2365243115894,88.04978085444986,Target Growth Achieved,129.48;129.49;129.46;129.48;129.42;129.48;129.47
138,2024-05-17,2024-05-23,173,1878.2867752126501,0.7665000000000005,1.1102230246251565e-16,0.7665000000000004,0.7665000000000004,906.2945106395866,1050.0,143.70548936041337,13.68623708194413,3.987827329751468,21.971013043911,21.793766059550375,0.17724698436062525,1878.2867752126501,1790.2365243115894,88.05025090106074,Target Growth Achieved,129.49;129.43;129.44;129.49;129.48;129.49;129.46
139,2024-05-18,2024-05-24,177,1878.2844159900578,0.7665000000000005,1.1102230246251565e-16,0.7665000000000004,0.7665000000000004,906.3415205426654,1050.0,143.65847945733458,13.681759948317579,3.986522804941032,21.97106411983062,21.793766059550375,0.17729806028024342,1878.2844159900574,1790.2365243115894,88.04789167846798,Target Growth Achieved,129.45;129.50;129.47;129.49;129.50;129.49;129.44
140,2024-05-19,2024-05-25,184,1878.2844911146155,0.7665000000000005,1.1102230246251565e-16,0.7665000000000004,0.7665000000000004,906.2502945692381,1050.0,143.74970543076188,13.690448136263036,3.9890543257036413,21.970914968911398,21.793766059550375,0.1771489093610228,1878.2844911146155,1790.2365243115894,88.04796680302616,Target Growth Achieved,129.47;129.49;129.48;129.46;129.42;129.44;129.48
141,2024-05-20,2024-05-26,196,1878.2852215013622,0.7665000000000005,1.1102230246251565e-16,0.7665000000000004,0.7665000000000004,906.2853048902507,1050.0,143.7146951097493,13.687113819976124,3.988082789295543,21.970980645177473,21.793766059550375,0.17721458562709813,1878.2852215013622,1790.2365243115894,88.04869718977284,Target Growth Achieved,129.50;129.48;129.48;129.44;129.47;129.47;129.44
142,2024-05-21,2024-05-27,155,1878.7873566477817,0.7681610086342233,0.004068623612203328,0.7665000000000004,0.7781270604395608,906.7975966411976,1050.0,143.20240335880237,13.638324129409748,3.973866693206766,21.97538690922827,21.79855760504674,0.1768293041815312,1878.7873566477817,1791.4520359537378,87.33532069404396,Target Growth Achieved,129.46;129.48;129.48;129.46;129.47;129.44;130.00
143,2024-05-22,2024-05-28,197,1880.9411036886922,0.7752712912087916,0.01721249332150304,0.7665000000000004,0.8162719780219782,909.0938888654048,1050.0,140.90611113459522,13.419629631866211,3.9101445839850157,21.994353272870615,21.81918350848305,0.17516976438756515,1880.9411036886927,1796.679371279759,84.26173240893377,Target Growth Achieved,129.49;129.46;129.50;129.43;129.50;130.02;131.69
144,2024-05-23,2024-05-29,159,1884.817547092729,0.7879765502354791,0.03227891749024032,0.7665000000000004,0.8554368131868133,913.0557254434743,1050.0,136.94427455652567,13.042311862526255,3.8002036189435877,22.028108540382988,21.856244629647144,0.17186391073584417,1884.8175470927292,1806.063069361581,78.7544777311482,Target Growth Achieved,129.47;129.48;129.50;129.41;130.00;131.72;133.48
145,2024-05-24,2024-05-30,159,1890.427509945914,0.8062767857142858,0.04759483556707645,0.7665000000000004,0.8946016483516479,918.8338721876618,1050.0,131.16612781233823,12.49201217260364,3.6398600467923856,22.07683861301281,21.909913822892197,0.16692479012061412,1890.4275099459135,1819.6394296133722,70.78808033254131,Target Growth Achieved,129.43;129.48;129.46;130.00;131.72;133.49;135.25
146,2024-05-25,2024-05-31,135,1896.9424740933857,0.8274910714285716,0.05725270027678669,0.7665000000000004,0.9149999999999998,925.5537189882947,1050.0,124.44628101170531,11.852026763019554,3.4533842980748197,22.133314361253916,21.97229927920432,0.16101508204959458,1896.942474093386,1864.823310128389,32.119163964996915,Target Growth Achieved,129.50;129.47;129.95;131.72;133.49;135.25;136.18
147,2024-05-26,2024-06-01,192,1903.453023506308,0.8487053571428572,0.05822699690500454,0.7665000000000004,0.9149999999999998,932.1830787146251,1050.0,117.81692128537486,11.220659170035702,3.26941956566915,22.18960776049043,22.034684735516446,0.15492302497398214,1903.4530235063073,1873.1110011964802,30.342022309827144,Target Growth Achieved,129.47;130.02;131.72;133.44;135.26;136.12;136.16
148,2024-05-27,2024-06-02,184,1909.9689632562263,0.8699196428571428,0.05101767156027957,0.7781270604395608,0.9149999999999998,938.8739716203222,1050.0,111.12602837967779,10.583431274255027,3.083747287536056,22.246044861570216,22.09707019182857,0.1489746697416443,1909.968963256226,1881.3986922645715,28.570270991654525,Target Growth Achieved,130.01;131.70;133.49;135.19;136.16;136.18;136.15
149,2024-05-28,2024-06-03,192,1915.9863683287879,0.8894729199372057,0.03615376996994708,0.8162719780219782,0.9149999999999998,945.0338849178386,1050.0,104.96611508216142,9.996772864967754,2.9128096935299794,22.298089692980334,22.154664102644333,0.1434255903360011,1915.9863683287876,1889.0458571500778,26.940511178709812,Target Growth Achieved,131.70;133.49;135.25;136.14;136.17;136.13;136.15
150,2024-05-29,2024-06-04,178,1920.3410721705325,0.9035769230769229,0.020875341463686796,0.8554368131868133,0.9149999999999998,949.4523762436647,1050.0,100.54762375633527,9.575964167270026,2.7901965592383036,22.335524703851817,22.196423655520146,0.13910104833167125,1920.3410721705322,1894.5813213045053,25.759750866026934,Target Growth Achieved,133.45;135.25;136.17;136.11;136.18;136.12;136.17
151,2024-05-30,2024-06-05,182,1922.9605156544403,0.9120859497645212,0.007137936161760333,0.8946016483516479,0.9149999999999998,952.374123208639,1050.0,97.62587679136095,9.297702551558187,2.709118080960266,22.358256472503818,22.221747990668177,0.1365084818356408,1922.9605156544405,1897.9326488304657,25.02786682397482,Target Growth Achieved,135.25;136.20;136.23;136.17;136.21;136.19;136.12
152,2024-05-31,2024-06-06,184,1923.8938187827164,0.9149999999999999,1.1102230246251565e-16,0.9149999999999998,0.9149999999999998,953.1677678488134,1050.0,96.83223215118664,9.222117347732063,2.687094442195427,22.36609559742488,22.23046425373525,0.13563134368963148,1923.8938187827162,1899.0842828361724,24.809535946543747,Target Growth Achieved,136.11;136.17;136.18;136.17;136.19;136.16;136.19
153,2024-06-01,2024-06-07,194,1923.895845454771,0.9149999999999999,1.1102230246251565e-16,0.9149999999999998,0.9149999999999998,953.0917876315564,1050.0,96.90821236844363,9.229353558899394,2.6892028932243086,22.366008240166863,22.23046425373525,0.13554398643161392,1923.8958454547708,1899.0842828361724,24.811562618598373,Target Growth Achieved,136.15;136.17;136.17;136.14;136.18;136.15;136.14
154,2024-06-02,2024-06-08,184,1923.8932804213925,0.9149999999999999,1.1102230246251565e-16,0.9149999999999998,0.9149999999999998,953.1130110686543,1050.0,96.88698893134574,9.227332279175785,2.6886139428448423,22.3660104312442,22.23046425373525,0.13554617750894948,1923.8932804213925,1899.0842828361724,24.80899758522014,Target Growth Achieved,136.16;136.16;136.18;136.10;136.15;136.18;136.18
155,2024-06-03,2024-06-09,192,1923.8922941936023,0.9149999999999999,1.1102230246251565e-16,0.9149999999999998,0.9149999999999998,953.1426200684866,1050.0,96.85737993151338,9.224512374429846,2.687792293099495,22.366042291061287,22.23046425373525,0.13557803732603801,1923.8922941936023,1899.0842828361724,24.808011357429905,Target Growth Achieved,136.17;136.13;136.17;136.20;136.13;136.17;136.18
156,2024-06-04,2024-06-10,195,1923.8916184985535,0.9149999999999999,1.1102230246251565e-16,0.9149999999999998,0.9149999999999998,953.0893695660759,1050.0,96.9106304339241,9.229583850849913,2.689269994541391,22.365957777195312,22.23046425373525,0.13549352346006316,1923.8916184985535,1899.0842828361724,24.807335662381092,Target Growth Achieved,136.13;136.19;136.16;136.15;136.16;136.15;136.15
157,2024-06-05,2024-06-11,200,1923.8933918268813,0.9149999999999999,1.1102230246251565e-16,0.9149999999999998,0.9149999999999998,953.0489471581952,1050.0,96.95105284180477,9.233433603981405,2.6903917163600823,22.36591902555023,22.23046425373525,0.135454771814981,1923.8933918268815,1899.0842828361724,24.809108990709092,Target Growth Achieved,136.11;136.11;136.17;136.15;136.17;136.16;136.17
158,2024-06-06,2024-06-12,197,1923.8758799498248,0.9149999999999999,1.1102230246251565e-16,0.9149999999999998,0.9149999999999998,953.1181605850388,1050.0,96.88183941496118,9.226841849043922,2.6884710437651727,22.365824539444084,22.23046425373525,0.13536028570883474,1923.8758799498248,1899.0842828361724,24.791597113652415,Target Growth Achieved,136.12;136.17;136.18;136.22;136.13;136.11;136.19
159,2024-06-07,2024-06-13,199,1923.8913584869945,0.9149999999999999,1.1102230246251565e-16,0.9149999999999998,0.9149999999999998,953.0453991039562,1050.0,96.95460089604376,9.23377151390893,2.6904901748652144,22.36589130200416,22.23046425373525,0.1354270482689124,1923.8913584869947,1899.0842828361724,24.8070756508223,Target Growth Achieved,136.17;136.17;136.16;136.09;136.18;136.13;136.14
160,2024-06-08,2024-06-14,142,1923.905443593126,0.9149999999999999,1.1102230246251565e-16,0.9149999999999998,0.9149999999999998,953.185344067581,1050.0,96.81465593241899,9.22044342213514,2.6866067021246245,22.366250179150235,22.23046425373525,0.1357859254149858,1923.9054435931257,1899.0842828361724,24.821160756953304,Target Growth Achieved,136.17;136.17;136.16;136.17;136.17;136.18;136.17
161,2024-06-09,2024-06-15,171,1923.8877746183962,0.9149999999999999,1.1102230246251565e-16,0.9149999999999998,0.9149999999999998,953.2320637675612,1050.0,96.76793623243884,9.215993926898937,2.6853102304501775,22.366121419086046,22.23046425373525,0.1356571653507963,1923.8877746183962,1899.0842828361724,24.803491782223773,Target Growth Achieved,136.23;136.17;136.15;136.18;136.17;136.17;136.15
162,2024-06-10,2024-06-16,180,1923.8886845681525,0.9149999999999999,1.1102230246251565e-16,0.9149999999999998,0.9149999999999998,953.1135481961873,1050.0,96.88645180381275,9.227281124172643,2.6885990375558038,22.365960142954293,22.23046425373525,0.13549588921904387,1923.8886845681525,1899.0842828361724,24.80440173198008,Target Growth Achieved,136.19;136.07;136.14;136.18;136.17;136.19;136.18
163,2024-06-11,2024-06-17,184,1923.9003638822915,0.9149999999999999,1.1102230246251565e-16,0.9149999999999998,0.9149999999999998,953.1763891104185,1050.0,96.82361088958146,9.221296275198235,2.6868552021858854,22.366180788055697,22.23046425373525,0.13571653432044783,1923.9003638822915,1899.0842828361724,24.816081046119052,Target Growth Achieved,136.17;136.17;136.14;136.18;136.19;136.16;136.17
164,2024-06-12,2024-06-18,180,1923.887894158037,0.9149999999999999,1.1102230246251565e-16,0.9149999999999998,0.9149999999999998,953.006093792365,1050.0,96.99390620763495,9.237514876917615,2.6915808972618684,22.36579596961237,22.23046425373525,0.1353317158771219,1923.887894158037,1899.0842828361724,24.803611321864537,Target Growth Achieved,136.10;136.12;136.13;136.14;136.17;136.17;136.18
165,2024-06-13,2024-06-19,182,1923.887442157261,0.9149999999999999,1.1102230246251565e-16,0.9149999999999998,0.9149999999999998,953.0892750957155,1050.0,96.9107249042845,9.229592848027096,2.689272616093895,22.365911236788534,22.23046425373525,0.13544698305328495,1923.8874421572607,1899.0842828361724,24.803159321088287,Target Growth Achieved,136.18;136.19;136.13;136.16;136.16;136.09;136.18
166,2024-06-14,2024-06-20,171,1923.8995466806484,0.9149999999999999,1.1102230246251565e-16,0.9149999999999998,0.9149999999999998,953.1271908868628,1050.0,96.87280911313724,9.225981820298784,2.6882204528895564,22.366100561939707,22.23046425373525,0.13563630820445738,1923.8995466806484,1899.0842828361724,24.81526384447602,Target Growth Achieved,136.16;136.17;136.13;136.17;136.14;136.18;136.17
167,2024-06-15,2024-06-21,200,1923.898254437147,0.9149999999999999,1.1102230246251565e-16,0.9149999999999998,0.9149999999999998,953.1521224043964,1050.0,96.84787759560356,9.223607390057483,2.687528603277997,22.3661222574231,22.23046425373525,0.1356580036878512,1923.8982544371468,1899.0842828361724,24.813971600974355,Target Growth Achieved,136.17;136.13;136.16;136.18;136.18;136.17;136.17
168,2024-06-16,2024-06-22,182,1923.885278066088,0.9149999999999999,1.1102230246251565e-16,0.9149999999999998,0.9149999999999998,953.1848669823211,1050.0,96.81513301767893,9.220488858826565,2.68661994124059,22.366025427820414,22.23046425373525,0.135561174085165,1923.8852780660882,1899.0842828361724,24.80099522991577,Target Growth Achieved,136.20;136.15;136.16;136.16;136.13;136.21;136.18
169,2024-06-17,2024-06-23,187,1923.8979096515352,0.9149999999999999,1.1102230246251565e-16,0.9149999999999998,0.9149999999999998,953.1212254181695,1050.0,96.8787745818305,9.226549960174333,2.6883859946457953,22.366073745996776,22.23046425373525,0.1356094922615263,1923.8979096515352,1899.0842828361724,24.813626815362795,Target Growth Achieved,136.18;136.16;136.14;136.14;136.18;136.16;136.17
170,2024-06-18,2024-06-24,179,1923.8951477646383,0.9149999999999999,1.1102230246251565e-16,0.9149999999999998,0.9149999999999998,953.0665682289241,1050.0,96.9334317710759,9.231755406769134,2.6899027316473543,22.36596401799592,22.23046425373525,0.1354997642606719,1923.8951477646383,1899.0842828361724,24.81086492846589,Target Growth Achieved,136.17;136.16;136.12;136.17;136.13;136.17;136.14
171,2024-06-19,2024-06-25,176,1923.9003696297711,0.9149999999999999,1.1102230246251565e-16,0.9149999999999998,0.9149999999999998,953.2033302619799,1050.0,96.79666973802011,9.218730451240011,2.686107585230058,22.3662198118152,22.23046425373525,0.13575555807994988,1923.9003696297711,1899.0842828361724,24.816086793598743,Target Growth Achieved,136.17;136.17;136.17;136.17;136.17;136.16;136.20
172,2024-06-20,2024-06-26,159,1923.8866212057073,0.9149999999999999,1.1102230246251565e-16,0.9149999999999998,0.9149999999999998,952.9810030672942,1050.0,97.01899693270582,9.239904469781507,2.6922771648825865,22.365745541721285,22.23046425373525,0.1352812879860359,1923.8866212057073,1899.0842828361724,24.802338369534937,Target Growth Achieved,136.13;136.11;136.11;136.16;136.15;136.16;136.15
173,2024-06-21,2024-06-27,157,1923.9016282471566,0.9149999999999999,1.1102230246251565e-16,0.9149999999999998,0.9149999999999998,953.2043191570692,1050.0,96.79568084293078,9.218636270755312,2.6860801433913295,22.366235226504994,22.23046425373525,0.1357709727697447,1923.9016282471566,1899.0842828361724,24.817345410984217,Target Growth Achieved,136.18;136.19;136.16;136.17;136.16;136.18;136.17
174,2024-06-22,2024-06-28,180,1923.8825205635835,0.9149999999999999,1.1102230246251565e-16,0.9149999999999998,0.9149999999999998,952.9398525740012,1050.0,97.06014742599882,9.24382356438084,2.6934190910714655,22.36564047084544,22.23046425373525,0.13517621711019245,1923.8825205635835,1899.0842828361724,24.798237727411106,Target Growth Achieved,136.03;136.17;136.16;136.17;136.17;136.13;136.11
175,2024-06-23,2024-06-29,183,1923.8911156232425,0.9149999999999999,1.1102230246251565e-16,0.9149999999999998,0.9149999999999998,953.1043442704312,1050.0,96.89565572956883,9.228157688530365,2.688854446495533,22.365973844778214,22.23046425373525,0.13550959104296467,1923.8911156232425,1899.0842828361724,24.806832787070107,Target Growth Achieved,136.10;136.17;136.20;136.17;136.16;136.17;136.13
176,2024-06-24,2024-06-30,198,1923.895178607938,0.9149999999999999,1.1102230246251565e-16,0.9149999999999998,0.9149999999999998,953.1444282645102,1050.0,96.85557173548978,9.22434016528474,2.687742115659841,22.366076954961823,22.23046425373525,0.13561270122657376,1923.895178607938,1899.0842828361724,24.810895771765672,Target Growth Achieved,136.13;136.19;136.14;136.17;136.16;136.18;136.17
177,2024-06-25,2024-07-01,192,1923.8746699370495,0.9149999999999999,1.1102230246251565e-16,0.9149999999999998,0.9149999999999998,952.8904395342199,1050.0,97.10956046578008,9.24852956816953,2.6947903029253943,22.36548178491587,22.23046425373525,0.135017531180619,1923.8746699370495,1899.0842828361724,24.79038710087707,Target Growth Achieved,136.11;136.18;136.18;136.01;136.16;136.13;136.11
